LESTE,OESTE,MAG,GRAV
  0.000,  0.000,-171.271 , 0.222 
 10.000,  0.000,-181.490 , 0.231 
 20.000,  0.000,-191.876 , 0.240 
 30.000,  0.000,-202.339 , 0.249 
 40.000,  0.000,-212.772 , 0.259 
 50.000,  0.000,-223.046 , 0.268 
 60.000,  0.000,-233.019 , 0.278 
 70.000,  0.000,-242.529 , 0.288 
 80.000,  0.000,-251.398 , 0.298 
 90.000,  0.000,-259.440 , 0.308 
100.000,  0.000,-266.455 , 0.317 
110.000,  0.000,-272.245 , 0.327 
120.000,  0.000,-276.611 , 0.336 
130.000,  0.000,-279.366 , 0.345 
140.000,  0.000,-280.337 , 0.354 
150.000,  0.000,-279.375 , 0.362 
160.000,  0.000,-276.358 , 0.369 
170.000,  0.000,-271.200 , 0.376 
180.000,  0.000,-263.853 , 0.383 
190.000,  0.000,-254.308 , 0.389 
200.000,  0.000,-242.600 , 0.394 
210.000,  0.000,-228.804 , 0.398 
220.000,  0.000,-213.037 , 0.401 
230.000,  0.000,-195.453 , 0.403 
240.000,  0.000,-176.239 , 0.405 
250.000,  0.000,-155.616 , 0.405 
260.000,  0.000,-133.825 , 0.405 
270.000,  0.000,-111.134 , 0.403 
280.000,  0.000,-87.820  ,0.401 
290.000,  0.000,-64.174  ,0.398 
300.000,  0.000,-40.487  ,0.394 
310.000,  0.000,-17.050  ,0.389 
320.000,  0.000,  5.860  ,0.383 
330.000,  0.000, 27.978  ,0.376 
340.000,  0.000, 49.066  ,0.369 
350.000,  0.000, 68.911  ,0.362 
360.000,  0.000, 87.336  ,0.354 
370.000,  0.000,104.198  ,0.345 
380.000,  0.000,119.394  ,0.336 
390.000,  0.000,132.862  ,0.327 
400.000,  0.000,144.574  ,0.317 
410.000,  0.000,154.541  ,0.308 
420.000,  0.000,162.803  ,0.298 
430.000,  0.000,169.430  ,0.288 
440.000,  0.000,174.511  ,0.278 
450.000,  0.000,178.154  ,0.268 
460.000,  0.000,180.478  ,0.259 
470.000,  0.000,181.607  ,0.249 
480.000,  0.000,181.671  ,0.240 
490.000,  0.000,180.797  ,0.231 
500.000,  0.000,179.108  ,0.222 
  0.000, 10.000,-176.077 , 0.232 
 10.000, 10.000,-187.239 , 0.241 
 20.000, 10.000,-198.655 , 0.251 
 30.000, 10.000,-210.229 , 0.261 
 40.000, 10.000,-221.847 , 0.272 
 50.000, 10.000,-233.371 , 0.282 
 60.000, 10.000,-244.641 , 0.293 
 70.000, 10.000,-255.476 , 0.304 
 80.000, 10.000,-265.676 , 0.314 
 90.000, 10.000,-275.022 , 0.325 
100.000, 10.000,-283.286 , 0.336 
110.000, 10.000,-290.231 , 0.346 
120.000, 10.000,-295.623 , 0.357 
130.000, 10.000,-299.237 , 0.367 
140.000, 10.000,-300.867 , 0.376 
150.000, 10.000,-300.329 , 0.385 
160.000, 10.000,-297.478 , 0.394 
170.000, 10.000,-292.206 , 0.402 
180.000, 10.000,-284.452 , 0.409 
190.000, 10.000,-274.203 , 0.415 
200.000, 10.000,-261.494 , 0.421 
210.000, 10.000,-246.413 , 0.426 
220.000, 10.000,-229.093 , 0.429 
230.000, 10.000,-209.711 , 0.432 
240.000, 10.000,-188.484 , 0.434 
250.000, 10.000,-165.663 , 0.434 
260.000, 10.000,-141.529 , 0.434 
270.000, 10.000,-116.387 , 0.432 
280.000, 10.000,-90.559  ,0.429 
290.000, 10.000,-64.378  ,0.426 
300.000, 10.000,-38.181  ,0.421 
310.000, 10.000,-12.302  ,0.415 
320.000, 10.000, 12.938  ,0.409 
330.000, 10.000, 37.235  ,0.402 
340.000, 10.000, 60.315  ,0.394 
350.000, 10.000, 81.934  ,0.385 
360.000, 10.000,101.893  ,0.376 
370.000, 10.000,120.033  ,0.367 
380.000, 10.000,136.243  ,0.357 
390.000, 10.000,150.461  ,0.346 
400.000, 10.000,162.669  ,0.336 
410.000, 10.000,172.890  ,0.325 
420.000, 10.000,181.186  ,0.314 
430.000, 10.000,187.649  ,0.304 
440.000, 10.000,192.396  ,0.293 
450.000, 10.000,195.560  ,0.282 
460.000, 10.000,197.289  ,0.272 
470.000, 10.000,197.733  ,0.261 
480.000, 10.000,197.045  ,0.251 
490.000, 10.000,195.373  ,0.241 
500.000, 10.000,192.860  ,0.232 
  0.000, 20.000,-180.572 , 0.242 
 10.000, 20.000,-192.743 , 0.252 
 20.000, 20.000,-205.270 , 0.263 
 30.000, 20.000,-218.057 , 0.274 
 40.000, 20.000,-230.982 , 0.285 
 50.000, 20.000,-243.896 , 0.297 
 60.000, 20.000,-256.625 , 0.308 
 70.000, 20.000,-268.965 , 0.320 
 80.000, 20.000,-280.688 , 0.332 
 90.000, 20.000,-291.543 , 0.344 
100.000, 20.000,-301.262 , 0.356 
110.000, 20.000,-309.568 , 0.368 
120.000, 20.000,-316.181 , 0.379 
130.000, 20.000,-320.833 , 0.390 
140.000, 20.000,-323.271 , 0.401 
150.000, 20.000,-323.277 , 0.411 
160.000, 20.000,-320.670 , 0.421 
170.000, 20.000,-315.318 , 0.430 
180.000, 20.000,-307.144 , 0.438 
190.000, 20.000,-296.130 , 0.445 
200.000, 20.000,-282.315 , 0.451 
210.000, 20.000,-265.798 , 0.456 
220.000, 20.000,-246.733 , 0.460 
230.000, 20.000,-225.325 , 0.463 
240.000, 20.000,-201.825 , 0.465 
250.000, 20.000,-176.522 , 0.466 
260.000, 20.000,-149.739 , 0.465 
270.000, 20.000,-121.828 , 0.463 
280.000, 20.000,-93.159  ,0.460 
290.000, 20.000,-64.116  ,0.456 
300.000, 20.000,-35.088  ,0.451 
310.000, 20.000, -6.460  ,0.445 
320.000, 20.000, 21.397  ,0.438 
330.000, 20.000, 48.131  ,0.430 
340.000, 20.000, 73.424  ,0.421 
350.000, 20.000, 97.000  ,0.411 
360.000, 20.000,118.629  ,0.401 
370.000, 20.000,138.137  ,0.390 
380.000, 20.000,155.405  ,0.379 
390.000, 20.000,170.372  ,0.368 
400.000, 20.000,183.032  ,0.356 
410.000, 20.000,193.429  ,0.344 
420.000, 20.000,201.651  ,0.332 
430.000, 20.000,207.819  ,0.320 
440.000, 20.000,212.083  ,0.308 
450.000, 20.000,214.611  ,0.297 
460.000, 20.000,215.582  ,0.285 
470.000, 20.000,215.178  ,0.274 
480.000, 20.000,213.579  ,0.263 
490.000, 20.000,210.959  ,0.252 
500.000, 20.000,207.482  ,0.242 
  0.000, 30.000,-184.652 , 0.252 
 10.000, 30.000,-197.894 , 0.264 
 20.000, 30.000,-211.616 , 0.275 
 30.000, 30.000,-225.720 , 0.287 
 40.000, 30.000,-240.081 , 0.300 
 50.000, 30.000,-254.540 , 0.312 
 60.000, 30.000,-268.906 , 0.325 
 70.000, 30.000,-282.952 , 0.338 
 80.000, 30.000,-296.420 , 0.351 
 90.000, 30.000,-309.020 , 0.364 
100.000, 30.000,-320.439 , 0.377 
110.000, 30.000,-330.349 , 0.390 
120.000, 30.000,-338.418 , 0.403 
130.000, 30.000,-344.319 , 0.415 
140.000, 30.000,-347.750 , 0.427 
150.000, 30.000,-348.443 , 0.439 
160.000, 30.000,-346.176 , 0.450 
170.000, 30.000,-340.788 , 0.460 
180.000, 30.000,-332.183 , 0.469 
190.000, 30.000,-320.335 , 0.477 
200.000, 30.000,-305.290 , 0.484 
210.000, 30.000,-287.163 , 0.490 
220.000, 30.000,-266.133 , 0.494 
230.000, 30.000,-242.437 , 0.498 
240.000, 30.000,-216.366 , 0.500 
250.000, 30.000,-188.255 , 0.501 
260.000, 30.000,-158.476 , 0.500 
270.000, 30.000,-127.431 , 0.498 
280.000, 30.000,-95.548  ,0.494 
290.000, 30.000,-63.268  ,0.490 
300.000, 30.000,-31.040  ,0.484 
310.000, 30.000,  0.690  ,0.477 
320.000, 30.000, 31.490  ,0.469 
330.000, 30.000, 60.955  ,0.460 
340.000, 30.000, 88.714  ,0.450 
350.000, 30.000,114.448  ,0.439 
360.000, 30.000,137.897  ,0.427 
370.000, 30.000,158.864  ,0.415 
380.000, 30.000,177.224  ,0.403 
390.000, 30.000,192.922  ,0.390 
400.000, 30.000,205.969  ,0.377 
410.000, 30.000,216.433  ,0.364 
420.000, 30.000,224.438  ,0.351 
430.000, 30.000,230.144  ,0.338 
440.000, 30.000,233.741  ,0.325 
450.000, 30.000,235.440  ,0.312 
460.000, 30.000,235.458  ,0.300 
470.000, 30.000,234.015  ,0.287 
480.000, 30.000,231.322  ,0.275 
490.000, 30.000,227.581  ,0.264 
500.000, 30.000,222.980  ,0.252 
  0.000, 40.000,-188.195 , 0.263 
 10.000, 40.000,-202.566 , 0.275 
 20.000, 40.000,-217.562 , 0.288 
 30.000, 40.000,-233.091 , 0.301 
 40.000, 40.000,-249.023 , 0.314 
 50.000, 40.000,-265.193 , 0.328 
 60.000, 40.000,-281.393 , 0.342 
 70.000, 40.000,-297.372 , 0.357 
 80.000, 40.000,-312.837 , 0.371 
 90.000, 40.000,-327.456 , 0.386 
100.000, 40.000,-340.862 , 0.400 
110.000, 40.000,-352.666 , 0.415 
120.000, 40.000,-362.470 , 0.429 
130.000, 40.000,-369.880 , 0.443 
140.000, 40.000,-374.526 , 0.456 
150.000, 40.000,-376.080 , 0.469 
160.000, 40.000,-374.272 , 0.481 
170.000, 40.000,-368.903 , 0.492 
180.000, 40.000,-359.855 , 0.503 
190.000, 40.000,-347.095 , 0.512 
200.000, 40.000,-330.676 , 0.520 
210.000, 40.000,-310.735 , 0.527 
220.000, 40.000,-287.483 , 0.532 
230.000, 40.000,-261.197 , 0.536 
240.000, 40.000,-232.214 , 0.538 
250.000, 40.000,-200.921 , 0.539 
260.000, 40.000,-167.747 , 0.538 
270.000, 40.000,-133.152 , 0.536 
280.000, 40.000,-97.628  ,0.532 
290.000, 40.000,-61.683  ,0.527 
300.000, 40.000,-25.833  ,0.520 
310.000, 40.000,  9.403  ,0.512 
320.000, 40.000, 43.523  ,0.503 
330.000, 40.000, 76.054  ,0.492 
340.000, 40.000,106.565  ,0.481 
350.000, 40.000,134.684  ,0.469 
360.000, 40.000,160.112  ,0.456 
370.000, 40.000,182.631  ,0.443 
380.000, 40.000,202.107  ,0.429 
390.000, 40.000,218.495  ,0.415 
400.000, 40.000,231.827  ,0.400 
410.000, 40.000,242.212  ,0.386 
420.000, 40.000,249.814  ,0.371 
430.000, 40.000,254.846  ,0.357 
440.000, 40.000,257.549  ,0.342 
450.000, 40.000,258.183  ,0.328 
460.000, 40.000,257.016  ,0.314 
470.000, 40.000,254.307  ,0.301 
480.000, 40.000,250.308  ,0.288 
490.000, 40.000,245.250  ,0.275 
500.000, 40.000,239.345  ,0.263 
  0.000, 50.000,-191.059 , 0.275 
 10.000, 50.000,-206.607 , 0.288 
 20.000, 50.000,-222.954 , 0.301 
 30.000, 50.000,-240.012 , 0.315 
 40.000, 50.000,-257.656 , 0.330 
 50.000, 50.000,-275.713 , 0.345 
 60.000, 50.000,-293.961 , 0.361 
 70.000, 50.000,-312.127 , 0.376 
 80.000, 50.000,-329.878 , 0.392 
 90.000, 50.000,-346.833 , 0.408 
100.000, 50.000,-362.564 , 0.425 
110.000, 50.000,-376.608 , 0.441 
120.000, 50.000,-388.484 , 0.457 
130.000, 50.000,-397.714 , 0.472 
140.000, 50.000,-403.846 , 0.487 
150.000, 50.000,-406.477 , 0.502 
160.000, 50.000,-405.273 , 0.516 
170.000, 50.000,-399.990 , 0.528 
180.000, 50.000,-390.484 , 0.540 
190.000, 50.000,-376.717 , 0.551 
200.000, 50.000,-358.754 , 0.560 
210.000, 50.000,-336.759 , 0.567 
220.000, 50.000,-310.985 , 0.573 
230.000, 50.000,-281.758 , 0.577 
240.000, 50.000,-249.471 , 0.580 
250.000, 50.000,-214.570 , 0.581 
260.000, 50.000,-177.546 , 0.580 
270.000, 50.000,-138.929 , 0.577 
280.000, 50.000,-99.277  ,0.573 
290.000, 50.000,-59.176  ,0.567 
300.000, 50.000,-19.222  ,0.560 
310.000, 50.000, 19.986  ,0.551 
320.000, 50.000, 57.860  ,0.540 
330.000, 50.000, 93.843  ,0.528 
340.000, 50.000,127.432  ,0.516 
350.000, 50.000,158.191  ,0.502 
360.000, 50.000,185.772  ,0.487 
370.000, 50.000,209.931  ,0.472 
380.000, 50.000,230.528  ,0.457 
390.000, 50.000,247.530  ,0.441 
400.000, 50.000,261.008  ,0.425 
410.000, 50.000,271.114  ,0.408 
420.000, 50.000,278.074  ,0.392 
430.000, 50.000,282.163  ,0.376 
440.000, 50.000,283.689  ,0.361 
450.000, 50.000,282.975  ,0.345 
460.000, 50.000,280.343  ,0.330 
470.000, 50.000,276.106  ,0.315 
480.000, 50.000,270.555  ,0.301 
490.000, 50.000,263.957  ,0.288 
500.000, 50.000,256.551  ,0.275 
  0.000, 60.000,-193.081 , 0.286 
 10.000, 60.000,-209.844 , 0.300 
 20.000, 60.000,-227.606 , 0.315 
 30.000, 60.000,-246.293 , 0.330 
 40.000, 60.000,-265.787 , 0.346 
 50.000, 60.000,-285.915 , 0.363 
 60.000, 60.000,-306.445 , 0.380 
 70.000, 60.000,-327.077 , 0.397 
 80.000, 60.000,-347.443 , 0.415 
 90.000, 60.000,-367.104 , 0.433 
100.000, 60.000,-385.557 , 0.451 
110.000, 60.000,-402.252 , 0.469 
120.000, 60.000,-416.607 , 0.487 
130.000, 60.000,-428.039 , 0.504 
140.000, 60.000,-435.989 , 0.521 
150.000, 60.000,-439.957 , 0.538 
160.000, 60.000,-439.533 , 0.553 
170.000, 60.000,-434.416 , 0.568 
180.000, 60.000,-424.433 , 0.581 
190.000, 60.000,-409.542 , 0.593 
200.000, 60.000,-389.828 , 0.603 
210.000, 60.000,-365.495 , 0.612 
220.000, 60.000,-336.846 , 0.619 
230.000, 60.000,-304.271 , 0.624 
240.000, 60.000,-268.229 , 0.627 
250.000, 60.000,-229.232 , 0.628 
260.000, 60.000,-187.844 , 0.627 
270.000, 60.000,-144.667 , 0.624 
280.000, 60.000,-100.336 , 0.619 
290.000, 60.000,-55.520  ,0.612 
300.000, 60.000,-10.906  ,0.603 
310.000, 60.000, 32.808  ,0.593 
320.000, 60.000, 74.936  ,0.581 
330.000, 60.000,114.820  ,0.568 
340.000, 60.000,151.862  ,0.553 
350.000, 60.000,185.547  ,0.538 
360.000, 60.000,215.469  ,0.521 
370.000, 60.000,241.349  ,0.504 
380.000, 60.000,263.044  ,0.487 
390.000, 60.000,280.545  ,0.469 
400.000, 60.000,293.967  ,0.451 
410.000, 60.000,303.530  ,0.433 
420.000, 60.000,309.537  ,0.415 
430.000, 60.000,312.347  ,0.397 
440.000, 60.000,312.348  ,0.380 
450.000, 60.000,309.940  ,0.363 
460.000, 60.000,305.515  ,0.346 
470.000, 60.000,299.442  ,0.330 
480.000, 60.000,292.059  ,0.315 
490.000, 60.000,283.672  ,0.300 
500.000, 60.000,274.544  ,0.286 
  0.000, 70.000,-194.077 , 0.298 
 10.000, 70.000,-212.071 , 0.313 
 20.000, 70.000,-231.297 , 0.329 
 30.000, 70.000,-251.701 , 0.346 
 40.000, 70.000,-273.178 , 0.363 
 50.000, 70.000,-295.565 , 0.381 
 60.000, 70.000,-318.623 , 0.400 
 70.000, 70.000,-342.032 , 0.419 
 80.000, 70.000,-365.383 , 0.439 
 90.000, 70.000,-388.175 , 0.459 
100.000, 70.000,-409.821 , 0.479 
110.000, 70.000,-429.661 , 0.499 
120.000, 70.000,-446.990 , 0.519 
130.000, 70.000,-461.088 , 0.539 
140.000, 70.000,-471.261 , 0.558 
150.000, 70.000,-476.888 , 0.577 
160.000, 70.000,-477.457 , 0.594 
170.000, 70.000,-472.600 , 0.611 
180.000, 70.000,-462.108 , 0.626 
190.000, 70.000,-445.943 , 0.640 
200.000, 70.000,-424.222 , 0.651 
210.000, 70.000,-397.205 , 0.661 
220.000, 70.000,-365.265 , 0.669 
230.000, 70.000,-328.868 , 0.675 
240.000, 70.000,-288.552 , 0.678 
250.000, 70.000,-244.908 , 0.679 
260.000, 70.000,-198.576 , 0.678 
270.000, 70.000,-150.234 , 0.675 
280.000, 70.000,-100.601 , 0.669 
290.000, 70.000,-50.436  ,0.661 
300.000, 70.000, -0.528  ,0.651 
310.000, 70.000, 48.314  ,0.640 
320.000, 70.000, 95.278  ,0.626 
330.000, 70.000,139.584  ,0.611 
340.000, 70.000,180.513  ,0.594 
350.000, 70.000,217.450  ,0.577 
360.000, 70.000,249.914  ,0.558 
370.000, 70.000,277.585  ,0.539 
380.000, 70.000,300.318  ,0.519 
390.000, 70.000,318.139  ,0.499 
400.000, 70.000,331.228  ,0.479 
410.000, 70.000,339.898  ,0.459 
420.000, 70.000,344.552  ,0.439 
430.000, 70.000,345.656  ,0.419 
440.000, 70.000,343.704  ,0.400 
450.000, 70.000,339.188  ,0.381 
460.000, 70.000,332.580  ,0.363 
470.000, 70.000,324.315  ,0.346 
480.000, 70.000,314.784  ,0.329 
490.000, 70.000,304.330  ,0.313 
500.000, 70.000,293.243  ,0.298 
  0.000, 80.000,-193.840 , 0.310 
 10.000, 80.000,-213.057 , 0.327 
 20.000, 80.000,-233.771 , 0.344 
 30.000, 80.000,-255.958 , 0.362 
 40.000, 80.000,-279.539 , 0.381 
 50.000, 80.000,-304.367 , 0.401 
 60.000, 80.000,-330.208 , 0.421 
 70.000, 80.000,-356.729 , 0.442 
 80.000, 80.000,-383.480 , 0.464 
 90.000, 80.000,-409.896 , 0.486 
100.000, 80.000,-435.288 , 0.509 
110.000, 80.000,-458.869 , 0.531 
120.000, 80.000,-479.774 , 0.554 
130.000, 80.000,-497.110 , 0.577 
140.000, 80.000,-510.009 , 0.598 
150.000, 80.000,-517.688 , 0.620 
160.000, 80.000,-519.506 , 0.640 
170.000, 80.000,-515.010 , 0.659 
180.000, 80.000,-503.956 , 0.676 
190.000, 80.000,-486.319 , 0.691 
200.000, 80.000,-462.268 , 0.705 
210.000, 80.000,-432.142 , 0.716 
220.000, 80.000,-396.411 , 0.725 
230.000, 80.000,-355.639 , 0.732 
240.000, 80.000,-310.457 , 0.736 
250.000, 80.000,-261.544 , 0.737 
260.000, 80.000,-209.619 , 0.736 
270.000, 80.000,-155.440 , 0.732 
280.000, 80.000,-99.808  ,0.725 
290.000, 80.000,-43.578  ,0.716 
300.000, 80.000, 12.351  ,0.705 
310.000, 80.000, 67.035  ,0.691 
320.000, 80.000,119.517  ,0.676 
330.000, 80.000,168.856  ,0.659 
340.000, 80.000,214.183  ,0.640 
350.000, 80.000,254.747  ,0.620 
360.000, 80.000,289.969  ,0.598 
370.000, 80.000,319.479  ,0.577 
380.000, 80.000,343.134  ,0.554 
390.000, 80.000,361.012  ,0.531 
400.000, 80.000,373.389  ,0.509 
410.000, 80.000,380.699  ,0.486 
420.000, 80.000,383.484  ,0.464 
430.000, 80.000,382.350  ,0.442 
440.000, 80.000,377.919  ,0.421 
450.000, 80.000,370.797  ,0.401 
460.000, 80.000,361.549  ,0.381 
470.000, 80.000,350.686  ,0.362 
480.000, 80.000,338.652  ,0.344 
490.000, 80.000,325.827  ,0.327 
500.000, 80.000,312.526  ,0.310 
  0.000, 90.000,-192.140 , 0.323 
 10.000, 90.000,-212.538 , 0.340 
 20.000, 90.000,-234.731 , 0.359 
 30.000, 90.000,-258.736 , 0.379 
 40.000, 90.000,-284.515 , 0.399 
 50.000, 90.000,-311.952 , 0.421 
 60.000, 90.000,-340.831 , 0.444 
 70.000, 90.000,-370.816 , 0.467 
 80.000, 90.000,-401.428 , 0.491 
 90.000, 90.000,-432.030 , 0.516 
100.000, 90.000,-461.823 , 0.541 
110.000, 90.000,-489.861 , 0.566 
120.000, 90.000,-515.081 , 0.592 
130.000, 90.000,-536.366 , 0.617 
140.000, 90.000,-552.614 , 0.642 
150.000, 90.000,-562.829 , 0.666 
160.000, 90.000,-566.203 , 0.690 
170.000, 90.000,-562.173 , 0.711 
180.000, 90.000,-550.465 , 0.731 
190.000, 90.000,-531.081 , 0.749 
200.000, 90.000,-504.279 , 0.764 
210.000, 90.000,-470.515 , 0.778 
220.000, 90.000,-430.390 , 0.788 
230.000, 90.000,-384.595 , 0.795 
240.000, 90.000,-333.874 , 0.800 
250.000, 90.000,-279.000 , 0.801 
260.000, 90.000,-220.770 , 0.800 
270.000, 90.000,-160.016 , 0.795 
280.000, 90.000,-97.617  ,0.788 
290.000, 90.000,-34.518  ,0.778 
300.000, 90.000, 28.257  ,0.764 
310.000, 90.000, 89.615  ,0.749 
320.000, 90.000,148.416  ,0.731 
330.000, 90.000,203.517  ,0.711 
340.000, 90.000,253.845  ,0.690 
350.000, 90.000,298.471  ,0.666 
360.000, 90.000,336.684  ,0.642 
370.000, 90.000,368.047  ,0.617 
380.000, 90.000,392.428  ,0.592 
390.000, 90.000,409.984  ,0.566 
400.000, 90.000,421.127  ,0.541 
410.000, 90.000,426.462  ,0.516 
420.000, 90.000,426.716  ,0.491 
430.000, 90.000,422.674  ,0.467 
440.000, 90.000,415.121  ,0.444 
450.000, 90.000,404.800  ,0.421 
460.000, 90.000,392.383  ,0.399 
470.000, 90.000,378.460  ,0.379 
480.000, 90.000,363.531  ,0.359 
490.000, 90.000,348.008  ,0.340 
500.000, 90.000,332.226  ,0.323 
  0.000,100.000,-188.729 , 0.335 
 10.000,100.000,-210.220 , 0.354 
 20.000,100.000,-233.836 , 0.374 
 30.000,100.000,-259.650 , 0.396 
 40.000,100.000,-287.679 , 0.418 
 50.000,100.000,-317.859 , 0.442 
 60.000,100.000,-350.014 , 0.467 
 70.000,100.000,-383.826 , 0.493 
 80.000,100.000,-418.798 , 0.519 
 90.000,100.000,-454.226 , 0.547 
100.000,100.000,-489.190 , 0.575 
110.000,100.000,-522.551 , 0.604 
120.000,100.000,-553.000 , 0.633 
130.000,100.000,-579.120 , 0.662 
140.000,100.000,-599.498 , 0.690 
150.000,100.000,-612.851 , 0.718 
160.000,100.000,-618.142 , 0.745 
170.000,100.000,-614.677 , 0.769 
180.000,100.000,-602.149 , 0.792 
190.000,100.000,-580.631 , 0.813 
200.000,100.000,-550.518 , 0.831 
210.000,100.000,-512.442 , 0.846 
220.000,100.000,-467.188 , 0.858 
230.000,100.000,-415.612 , 0.867 
240.000,100.000,-358.591 , 0.872 
250.000,100.000,-296.996 , 0.874 
260.000,100.000,-231.696 , 0.872 
270.000,100.000,-163.577 , 0.867 
280.000,100.000,-93.579  ,0.858 
290.000,100.000,-22.729  ,0.846 
300.000,100.000, 47.829  ,0.831 
310.000,100.000,116.827  ,0.813 
320.000,100.000,182.898  ,0.792 
330.000,100.000,244.638  ,0.769 
340.000,100.000,300.698  ,0.745 
350.000,100.000,349.900  ,0.718 
360.000,100.000,391.351  ,0.690 
370.000,100.000,424.530  ,0.662 
380.000,100.000,449.324  ,0.633 
390.000,100.000,466.014  ,0.604 
400.000,100.000,475.208  ,0.575 
410.000,100.000,477.751  ,0.547 
420.000,100.000,474.621  ,0.519 
430.000,100.000,466.836  ,0.493 
440.000,100.000,455.381  ,0.467 
450.000,100.000,441.160  ,0.442 
460.000,100.000,424.966  ,0.418 
470.000,100.000,407.469  ,0.396 
480.000,100.000,389.219  ,0.374 
490.000,100.000,370.657  ,0.354 
500.000,100.000,352.123  ,0.335 
  0.000,110.000,-183.342 , 0.348 
 10.000,110.000,-205.786 , 0.368 
 20.000,110.000,-230.708 , 0.390 
 30.000,110.000,-258.255 , 0.413 
 40.000,110.000,-288.524 , 0.438 
 50.000,110.000,-321.527 , 0.464 
 60.000,110.000,-357.158 , 0.491 
 70.000,110.000,-395.146 , 0.519 
 80.000,110.000,-435.000 , 0.549 
 90.000,110.000,-475.970 , 0.580 
100.000,110.000,-517.002 , 0.612 
110.000,110.000,-556.738 , 0.644 
120.000,110.000,-593.549 , 0.677 
130.000,110.000,-625.624 , 0.710 
140.000,110.000,-651.125 , 0.743 
150.000,110.000,-668.364 , 0.775 
160.000,110.000,-675.997 , 0.806 
170.000,110.000,-673.158 , 0.834 
180.000,110.000,-659.530 , 0.861 
190.000,110.000,-635.312 , 0.885 
200.000,110.000,-601.124 , 0.906 
210.000,110.000,-557.866 , 0.923 
220.000,110.000,-506.577 , 0.937 
230.000,110.000,-448.332 , 0.947 
240.000,110.000,-384.162 , 0.953 
250.000,110.000,-315.035 , 0.955 
260.000,110.000,-241.868 , 0.953 
270.000,110.000,-165.570 , 0.947 
280.000,110.000,-87.102  ,0.937 
290.000,110.000, -7.545  ,0.923 
300.000,110.000, 71.843  ,0.906 
310.000,110.000,149.603  ,0.885 
320.000,110.000,224.087  ,0.861 
330.000,110.000,293.539  ,0.834 
340.000,110.000,356.229  ,0.806 
350.000,110.000,410.627  ,0.775 
360.000,110.000,455.581  ,0.743 
370.000,110.000,490.453  ,0.710 
380.000,110.000,515.176  ,0.677 
390.000,110.000,530.219  ,0.644 
400.000,110.000,536.483  ,0.612 
410.000,110.000,535.151  ,0.580 
420.000,110.000,527.541  ,0.549 
430.000,110.000,514.972  ,0.519 
440.000,110.000,498.676  ,0.491 
450.000,110.000,479.739  ,0.464 
460.000,110.000,459.080  ,0.438 
470.000,110.000,437.448  ,0.413 
480.000,110.000,415.431  ,0.390 
490.000,110.000,393.482  ,0.368 
500.000,110.000,371.933  ,0.348 
  0.000,120.000,-175.711 , 0.360 
 10.000,120.000,-198.897 , 0.382 
 20.000,120.000,-224.931 , 0.406 
 30.000,120.000,-254.052 , 0.431 
 40.000,120.000,-286.460 , 0.458 
 50.000,120.000,-322.279 , 0.486 
 60.000,120.000,-361.511 , 0.516 
 70.000,120.000,-403.975 , 0.547 
 80.000,120.000,-449.235 , 0.581 
 90.000,120.000,-496.520 , 0.615 
100.000,120.000,-544.659 , 0.651 
110.000,120.000,-592.039 , 0.688 
120.000,120.000,-636.629 , 0.726 
130.000,120.000,-676.091 , 0.763 
140.000,120.000,-707.986 , 0.801 
150.000,120.000,-730.056 , 0.838 
160.000,120.000,-740.519 , 0.873 
170.000,120.000,-738.292 , 0.907 
180.000,120.000,-723.081 , 0.938 
190.000,120.000,-695.322 , 0.966 
200.000,120.000,-655.998 , 0.990 
210.000,120.000,-606.410 , 1.010 
220.000,120.000,-547.965 , 1.026 
230.000,120.000,-482.015 , 1.038 
240.000,120.000,-409.770 , 1.045 
250.000,120.000,-332.277 , 1.047 
260.000,120.000,-250.460 , 1.045 
270.000,120.000,-165.189 , 1.038 
280.000,120.000,-77.383  ,1.026 
290.000,120.000, 11.877  ,1.010 
300.000,120.000,101.252  ,0.990 
310.000,120.000,189.075  ,0.966 
320.000,120.000,273.353  ,0.938 
330.000,120.000,351.855  ,0.907 
340.000,120.000,422.308  ,0.873 
350.000,120.000,482.668  ,0.838 
360.000,120.000,531.401  ,0.801 
370.000,120.000,567.711  ,0.763 
380.000,120.000,591.616  ,0.726 
390.000,120.000,603.890  ,0.688 
400.000,120.000,605.870  ,0.651 
410.000,120.000,599.227  ,0.615 
420.000,120.000,585.736  ,0.581 
430.000,120.000,567.100  ,0.547 
440.000,120.000,544.844  ,0.516 
450.000,120.000,520.255  ,0.486 
460.000,120.000,494.375  ,0.458 
470.000,120.000,468.014  ,0.431 
480.000,120.000,441.777  ,0.406 
490.000,120.000,416.105  ,0.382 
500.000,120.000,391.301  ,0.360 
  0.000,130.000,-165.568 , 0.373 
 10.000,130.000,-189.208 , 0.397 
 20.000,130.000,-216.066 , 0.422 
 30.000,130.000,-246.491 , 0.449 
 40.000,130.000,-280.815 , 0.478 
 50.000,130.000,-319.312 , 0.509 
 60.000,130.000,-362.145 , 0.542 
 70.000,130.000,-409.287 , 0.576 
 80.000,130.000,-460.422 , 0.613 
 90.000,130.000,-514.826 , 0.652 
100.000,130.000,-571.242 , 0.693 
110.000,130.000,-627.789 , 0.735 
120.000,130.000,-681.937 , 0.778 
130.000,130.000,-730.634 , 0.821 
140.000,130.000,-770.583 , 0.865 
150.000,130.000,-798.688 , 0.908 
160.000,130.000,-812.530 , 0.949 
170.000,130.000,-810.739 , 0.988 
180.000,130.000,-793.128 , 1.025 
190.000,130.000,-760.555 , 1.057 
200.000,130.000,-714.594 , 1.085 
210.000,130.000,-657.155 , 1.109 
220.000,130.000,-590.157 , 1.128 
230.000,130.000,-515.307 , 1.141 
240.000,130.000,-434.004 , 1.150 
250.000,130.000,-347.341 , 1.152 
260.000,130.000,-256.172 , 1.150 
270.000,130.000,-161.234 , 1.141 
280.000,130.000,-63.301  ,1.128 
290.000,130.000, 36.643  ,1.109 
300.000,130.000,137.243  ,1.085 
310.000,130.000,236.631  ,1.057 
320.000,130.000,332.390  ,1.025 
330.000,130.000,421.641  ,0.988 
340.000,130.000,501.323  ,0.949 
350.000,130.000,568.613  ,0.908 
360.000,130.000,621.406  ,0.865 
370.000,130.000,658.678  ,0.821 
380.000,130.000,680.621  ,0.778 
390.000,130.000,688.499  ,0.735 
400.000,130.000,684.322  ,0.693 
410.000,130.000,670.460  ,0.652 
420.000,130.000,649.303  ,0.613 
430.000,130.000,623.037  ,0.576 
440.000,130.000,593.517  ,0.542 
450.000,130.000,562.234  ,0.509 
460.000,130.000,530.327  ,0.478 
470.000,130.000,498.635  ,0.449 
480.000,130.000,467.745  ,0.422 
490.000,130.000,438.051  ,0.397 
500.000,130.000,409.796  ,0.373 
  0.000,140.000,-152.669 , 0.385 
 10.000,140.000,-176.386 , 0.411 
 20.000,140.000,-203.667 , 0.438 
 30.000,140.000,-234.990 , 0.467 
 40.000,140.000,-270.847 , 0.498 
 50.000,140.000,-311.704 , 0.532 
 60.000,140.000,-357.947 , 0.568 
 70.000,140.000,-409.787 , 0.606 
 80.000,140.000,-467.131 , 0.648 
 90.000,140.000,-529.408 , 0.691 
100.000,140.000,-595.367 , 0.737 
110.000,140.000,-662.877 , 0.785 
120.000,140.000,-728.817 , 0.834 
130.000,140.000,-789.163 , 0.885 
140.000,140.000,-839.372 , 0.936 
150.000,140.000,-875.069 , 0.986 
160.000,140.000,-892.873 , 1.035 
170.000,140.000,-891.036 , 1.081 
180.000,140.000,-869.643 , 1.123 
190.000,140.000,-830.307 , 1.161 
200.000,140.000,-775.566 , 1.195 
210.000,140.000,-708.245 , 1.222 
220.000,140.000,-630.963 , 1.244 
230.000,140.000,-545.860 , 1.260 
240.000,140.000,-454.515 , 1.270 
250.000,140.000,-357.989 , 1.273 
260.000,140.000,-256.954 , 1.270 
270.000,140.000,-151.876 , 1.260 
280.000,140.000,-43.226  ,1.244 
290.000,140.000, 68.265  ,1.222 
300.000,140.000,181.345  ,1.195 
310.000,140.000,294.000  ,1.161 
320.000,140.000,403.311  ,1.123 
330.000,140.000,505.514  ,1.081 
340.000,140.000,596.372  ,1.035 
350.000,140.000,671.857  ,0.986 
360.000,140.000,728.964  ,0.936 
370.000,140.000,766.356  ,0.885 
380.000,140.000,784.560  ,0.834 
390.000,140.000,785.665  ,0.785 
400.000,140.000,772.728  ,0.737 
410.000,140.000,749.124  ,0.691 
420.000,140.000,718.062  ,0.648 
430.000,140.000,682.299  ,0.606 
440.000,140.000,644.039  ,0.568 
450.000,140.000,604.941  ,0.532 
460.000,140.000,566.194  ,0.498 
470.000,140.000,528.605  ,0.467 
480.000,140.000,492.687  ,0.438 
490.000,140.000,458.739  ,0.411 
500.000,140.000,426.906  ,0.385 
  0.000,150.000,-136.809 , 0.397 
 10.000,150.000,-160.131 , 0.424 
 20.000,150.000,-187.311 , 0.453 
 30.000,150.000,-218.966 , 0.485 
 40.000,150.000,-255.772 , 0.518 
 50.000,150.000,-298.429 , 0.555 
 60.000,150.000,-347.614 , 0.595 
 70.000,150.000,-403.879 , 0.637 
 80.000,150.000,-467.495 , 0.683 
 90.000,150.000,-538.219 , 0.732 
100.000,150.000,-614.976 , 0.784 
110.000,150.000,-695.494 , 0.839 
120.000,150.000,-776.003 , 0.896 
130.000,150.000,-851.182 , 0.955 
140.000,150.000,-914.631 , 1.014 
150.000,150.000,-959.967 , 1.074 
160.000,150.000,-982.286 , 1.131 
170.000,150.000,-979.340 , 1.186 
180.000,150.000,-951.828 , 1.236 
190.000,150.000,-902.726 , 1.281 
200.000,150.000,-836.141 , 1.320 
210.000,150.000,-756.239 , 1.353 
220.000,150.000,-666.563 , 1.378 
230.000,150.000,-569.735 , 1.397 
240.000,150.000,-467.449 , 1.408 
250.000,150.000,-360.608 , 1.411 
260.000,150.000,-249.538 , 1.408 
270.000,150.000,-134.236 , 1.397 
280.000,150.000,-14.659  ,1.378 
290.000,150.000,108.946  ,1.353 
300.000,150.000,235.649  ,1.320 
310.000,150.000,363.428  ,1.281 
320.000,150.000,488.822  ,1.236 
330.000,150.000,606.871  ,1.186 
340.000,150.000,711.565  ,1.131 
350.000,150.000,796.936  ,1.074 
360.000,150.000,858.524  ,1.014 
370.000,150.000,894.550  ,0.955 
380.000,150.000,906.217  ,0.896 
390.000,150.000,897.045  ,0.839 
400.000,150.000,871.732  ,0.784 
410.000,150.000,835.090  ,0.732 
420.000,150.000,791.367  ,0.683 
430.000,150.000,743.952  ,0.637 
440.000,150.000,695.355  ,0.595 
450.000,150.000,647.318  ,0.555 
460.000,150.000,600.977  ,0.518 
470.000,150.000,557.019  ,0.485 
480.000,150.000,515.806  ,0.453 
490.000,150.000,477.482  ,0.424 
500.000,150.000,442.047  ,0.397 
  0.000,160.000,-117.854 , 0.409 
 10.000,160.000,-140.213 , 0.437 
 20.000,160.000,-166.637 , 0.468 
 30.000,160.000,-197.882 , 0.502 
 40.000,160.000,-234.817 , 0.538 
 50.000,160.000,-278.410 , 0.578 
 60.000,160.000,-329.693 , 0.621 
 70.000,160.000,-389.671 , 0.668 
 80.000,160.000,-459.157 , 0.719 
 90.000,160.000,-538.482 , 0.774 
100.000,160.000,-627.052 , 0.833 
110.000,160.000,-722.730 , 0.896 
120.000,160.000,-821.165 , 0.962 
130.000,160.000,-915.375 , 1.031 
140.000,160.000,-996.171 , 1.102 
150.000,160.000,-1053.879,  1.173 
160.000,160.000,-1081.068,  1.241 
170.000,160.000,-1074.844,  1.306 
180.000,160.000,-1037.256,  1.366 
190.000,160.000,-973.758 , 1.420 
200.000,160.000,-890.982 , 1.466 
210.000,160.000,-794.995 , 1.504 
220.000,160.000,-690.452 , 1.534 
230.000,160.000,-580.415 , 1.555 
240.000,160.000,-466.530 , 1.568 
250.000,160.000,-349.341 , 1.573 
260.000,160.000,-228.604 , 1.568 
270.000,160.000,-103.614 , 1.555 
280.000,160.000, 26.461  ,1.534 
290.000,160.000,162.175  ,1.504 
300.000,160.000,303.270  ,1.466 
310.000,160.000,448.018  ,1.420 
320.000,160.000,592.512  ,1.366 
330.000,160.000,730.236  ,1.306 
340.000,160.000,852.478  ,1.241 
350.000,160.000,950.054  ,1.173 
360.000,160.000,1016.034 , 1.102 
370.000,160.000,1048.048 , 1.031 
380.000,160.000,1048.704 , 0.962 
390.000,160.000,1024.054 , 0.896 
400.000,160.000,981.385  ,0.833 
410.000,160.000,927.495  ,0.774 
420.000,160.000,867.853  ,0.719 
430.000,160.000,806.433  ,0.668 
440.000,160.000,745.901  ,0.621 
450.000,160.000,687.909  ,0.578 
460.000,160.000,633.385  ,0.538 
470.000,160.000,582.763  ,0.502 
480.000,160.000,536.159  ,0.468 
490.000,160.000,493.492  ,0.437 
500.000,160.000,454.567  ,0.409 
  0.000,170.000,-95.761  ,0.420 
 10.000,170.000,-116.508 , 0.450 
 20.000,170.000,-141.398 , 0.483 
 30.000,170.000,-171.310 , 0.519 
 40.000,170.000,-207.299 , 0.558 
 50.000,170.000,-250.610 , 0.601 
 60.000,170.000,-302.671 , 0.648 
 70.000,170.000,-365.040 , 0.699 
 80.000,170.000,-439.259 , 0.756 
 90.000,170.000,-526.556 , 0.817 
100.000,170.000,-627.282 , 0.884 
110.000,170.000,-739.985 , 0.957 
120.000,170.000,-860.123 , 1.034 
130.000,170.000,-978.800 , 1.116 
140.000,170.000,-1082.657,  1.200 
150.000,170.000,-1156.423,  1.285 
160.000,170.000,-1188.228,  1.368 
170.000,170.000,-1174.428,  1.447 
180.000,170.000,-1120.056,  1.519 
190.000,170.000,-1035.104,  1.582 
200.000,170.000,-930.149 , 1.637 
210.000,170.000,-813.742 , 1.682 
220.000,170.000,-691.655 , 1.717 
230.000,170.000,-567.133 , 1.741 
240.000,170.000,-441.467 , 1.756 
250.000,170.000,-314.542 , 1.761 
260.000,170.000,-185.287 , 1.756 
270.000,170.000,-52.034  ,1.741 
280.000,170.000, 87.136  ,1.717 
290.000,170.000,233.965  ,1.682 
300.000,170.000,389.381  ,1.637 
310.000,170.000,552.526  ,1.582 
320.000,170.000,719.447  ,1.519 
330.000,170.000,881.829  ,1.447 
340.000,170.000,1026.873 , 1.368 
350.000,170.000,1139.866 , 1.285 
360.000,170.000,1209.493 , 1.200 
370.000,170.000,1232.678 , 1.116 
380.000,170.000,1215.049 , 1.034 
390.000,170.000,1167.236 , 0.957 
400.000,170.000,1100.522 , 0.884 
410.000,170.000,1024.247 , 0.817 
420.000,170.000,945.089  ,0.756 
430.000,170.000,867.337  ,0.699 
440.000,170.000,793.488  ,0.648 
450.000,170.000,724.818  ,0.601 
460.000,170.000,661.822  ,0.558 
470.000,170.000,604.522  ,0.519 
480.000,170.000,552.677  ,0.483 
490.000,170.000,505.906  ,0.450 
500.000,170.000,463.774  ,0.420 
  0.000,180.000,-70.614  ,0.430 
 10.000,180.000,-89.041  ,0.462 
 20.000,180.000,-111.519 , 0.496 
 30.000,180.000,-139.014 , 0.534 
 40.000,180.000,-172.734 , 0.576 
 50.000,180.000,-214.172 , 0.622 
 60.000,180.000,-265.145 , 0.673 
 70.000,180.000,-327.810 , 0.730 
 80.000,180.000,-404.590 , 0.792 
 90.000,180.000,-497.938 , 0.861 
100.000,180.000,-609.754 , 0.937 
110.000,180.000,-740.192 , 1.020 
120.000,180.000,-885.533 , 1.111 
130.000,180.000,-1035.261,  1.208 
140.000,180.000,-1170.031,  1.310 
150.000,180.000,-1264.750,  1.414 
160.000,180.000,-1299.285,  1.516 
170.000,180.000,-1269.480,  1.612 
180.000,180.000,-1187.066,  1.699 
190.000,180.000,-1070.263,  1.775 
200.000,180.000,-935.391 , 1.839 
210.000,180.000,-793.706 , 1.892 
220.000,180.000,-651.621 , 1.932 
230.000,180.000,-511.955 , 1.961 
240.000,180.000,-375.125 , 1.978 
250.000,180.000,-239.988 , 1.984 
260.000,180.000,-104.379 , 1.978 
270.000,180.000, 34.550  ,1.961 
280.000,180.000,180.060  ,1.932 
290.000,180.000,335.474  ,1.892 
300.000,180.000,503.539  ,1.839 
310.000,180.000,685.206  ,1.775 
320.000,180.000,877.496  ,1.699 
330.000,180.000,1070.580 , 1.612 
340.000,180.000,1245.757 , 1.516 
350.000,180.000,1378.544 , 1.414 
360.000,180.000,1449.406 , 1.310 
370.000,180.000,1454.779 , 1.208 
380.000,180.000,1407.013 , 1.111 
390.000,180.000,1324.983 , 1.020 
400.000,180.000,1225.735 , 0.937 
410.000,180.000,1121.349 , 0.861 
420.000,180.000,1019.197 , 0.792 
430.000,180.000,923.234  ,0.730 
440.000,180.000,835.238  ,0.673 
450.000,180.000,755.703  ,0.622 
460.000,180.000,684.419  ,0.576 
470.000,180.000,620.823  ,0.534 
480.000,180.000,564.205  ,0.496 
490.000,180.000,513.824  ,0.462 
500.000,180.000,468.964  ,0.430 
  0.000,190.000,-42.649  ,0.440 
 10.000,190.000,-58.026  ,0.473 
 20.000,190.000,-77.158  ,0.509 
 30.000,190.000,-101.045 , 0.549 
 40.000,190.000,-130.976 , 0.594 
 50.000,190.000,-168.612 , 0.643 
 60.000,190.000,-216.088 , 0.698 
 70.000,190.000,-276.099 , 0.759 
 80.000,190.000,-351.973 , 0.827 
 90.000,190.000,-447.591 , 0.904 
100.000,190.000,-566.981 , 0.990 
110.000,190.000,-713.099 , 1.086 
120.000,190.000,-884.964 , 1.192 
130.000,190.000,-1072.144,  1.309 
140.000,190.000,-1247.780,  1.434 
150.000,190.000,-1369.376,  1.563 
160.000,190.000,-1400.585,  1.690 
170.000,190.000,-1338.465,  1.808 
180.000,190.000,-1209.901,  1.914 
190.000,190.000,-1047.199,  2.006 
200.000,190.000,-873.685 , 2.082 
210.000,190.000,-702.349 , 2.143 
220.000,190.000,-538.892 , 2.190 
230.000,190.000,-384.643 , 2.222 
240.000,190.000,-238.463 , 2.242 
250.000,190.000,-97.794  ,2.248 
260.000,190.000, 40.812  ,2.242 
270.000,190.000,181.478  ,2.222 
280.000,190.000,328.905  ,2.190 
290.000,190.000,488.235  ,2.143 
300.000,190.000,664.623  ,2.082 
310.000,190.000,862.024  ,2.006 
320.000,190.000,1080.336 , 1.914 
330.000,190.000,1309.911 , 1.808 
340.000,190.000,1524.599 , 1.690 
350.000,190.000,1682.555 , 1.563 
360.000,190.000,1748.048 , 1.434 
370.000,190.000,1718.739 , 1.309 
380.000,190.000,1622.127 , 1.192 
390.000,190.000,1491.168 , 1.086 
400.000,190.000,1349.901 , 0.990 
410.000,190.000,1212.134 , 0.904 
420.000,190.000,1084.531 , 0.827 
430.000,190.000,969.592  ,0.759 
440.000,190.000,867.618  ,0.698 
450.000,190.000,777.857  ,0.643 
460.000,190.000,699.122  ,0.594 
470.000,190.000,630.112  ,0.549 
480.000,190.000,569.573  ,0.509 
490.000,190.000,516.362  ,0.473 
500.000,190.000,469.472  ,0.440 
  0.000,200.000,-12.271  ,0.448 
 10.000,200.000,-23.897  ,0.482 
 20.000,200.000,-38.763  ,0.520 
 30.000,200.000,-57.824  ,0.562 
 40.000,200.000,-82.351  ,0.609 
 50.000,200.000,-114.047 , 0.661 
 60.000,200.000,-155.191 , 0.720 
 70.000,200.000,-208.829 , 0.786 
 80.000,200.000,-278.991 , 0.860 
 90.000,200.000,-370.876 , 0.945 
100.000,200.000,-490.818 , 1.041 
110.000,200.000,-645.514 , 1.151 
120.000,200.000,-839.132 , 1.276 
130.000,200.000,-1065.273,  1.417 
140.000,200.000,-1290.622,  1.572 
150.000,200.000,-1443.566,  1.736 
160.000,200.000,-1455.529,  1.897 
170.000,200.000,-1331.732,  2.045 
180.000,200.000,-1131.551,  2.175 
190.000,200.000,-907.622 , 2.284 
200.000,200.000,-688.473 , 2.373 
210.000,200.000,-485.659 , 2.443 
220.000,200.000,-301.853 , 2.497 
230.000,200.000,-135.561 , 2.534 
240.000,200.000, 16.578  ,2.556 
250.000,200.000,158.789  ,2.563 
260.000,200.000,295.822  ,2.556 
270.000,200.000,432.949  ,2.534 
280.000,200.000,576.128  ,2.497 
290.000,200.000,732.197  ,2.443 
300.000,200.000,908.878  ,2.373 
310.000,200.000,1114.038 , 2.284 
320.000,200.000,1352.842 , 2.175 
330.000,200.000,1619.746 , 2.045 
340.000,200.000,1882.185 , 1.897 
350.000,200.000,2069.214 , 1.736 
360.000,200.000,2112.874 , 1.572 
370.000,200.000,2018.975 , 1.417 
380.000,200.000,1847.477 , 1.276 
390.000,200.000,1651.626 , 1.151 
400.000,200.000,1460.619 , 1.041 
410.000,200.000,1286.773 , 0.945 
420.000,200.000,1133.672 , 0.860 
430.000,200.000,1000.945 , 0.786 
440.000,200.000,886.652  ,0.720 
450.000,200.000,788.403  ,0.661 
460.000,200.000,703.851  ,0.609 
470.000,200.000,630.887  ,0.562 
480.000,200.000,567.691  ,0.520 
490.000,200.000,512.729  ,0.482 
500.000,200.000,464.721  ,0.448 
  0.000,210.000, 19.942  ,0.455 
 10.000,210.000, 12.674  ,0.490 
 20.000,210.000,  2.899  ,0.530 
 30.000,210.000,-10.210  ,0.574 
 40.000,210.000,-27.786  ,0.622 
 50.000,210.000,-51.400  ,0.677 
 60.000,210.000,-83.235  ,0.740 
 70.000,210.000,-126.351 , 0.810 
 80.000,210.000,-185.028 , 0.890 
 90.000,210.000,-265.208 , 0.983 
100.000,210.000,-374.931 , 1.090 
110.000,210.000,-524.343 , 1.214 
120.000,210.000,-723.812 , 1.360 
130.000,210.000,-975.349 , 1.529 
140.000,210.000,-1245.469,  1.722 
150.000,210.000,-1423.257,  1.932 
160.000,210.000,-1384.056,  2.140 
170.000,210.000,-1159.246,  2.327 
180.000,210.000,-864.193 , 2.484 
190.000,210.000,-570.957 , 2.613 
200.000,210.000,-306.294 , 2.716 
210.000,210.000,-75.659  ,2.796 
220.000,210.000,123.596  ,2.856 
230.000,210.000,296.748  ,2.897 
240.000,210.000,449.661  ,2.921 
250.000,210.000,588.172  ,2.929 
260.000,210.000,718.073  ,2.921 
270.000,210.000,845.387  ,2.897 
280.000,210.000,976.800  ,2.856 
290.000,210.000,1120.207 , 2.796 
300.000,210.000,1285.229 , 2.716 
310.000,210.000,1483.304 , 2.613 
320.000,210.000,1725.872 , 2.484 
330.000,210.000,2015.833 , 2.327 
340.000,210.000,2320.463 , 2.140 
350.000,210.000,2529.506 , 1.932 
360.000,210.000,2518.898 , 1.722 
370.000,210.000,2320.564 , 1.529 
380.000,210.000,2050.403 , 1.360 
390.000,210.000,1781.017 , 1.214 
400.000,210.000,1539.744 , 1.090 
410.000,210.000,1332.699 , 0.983 
420.000,210.000,1158.030 , 0.890 
430.000,210.000,1011.445 , 0.810 
440.000,210.000,888.355  ,0.740 
450.000,210.000,784.618  ,0.677 
460.000,210.000,696.740  ,0.622 
470.000,210.000,621.862  ,0.574 
480.000,210.000,557.671  ,0.530 
490.000,210.000,502.311  ,0.490 
500.000,210.000,454.287  ,0.455 
  0.000,220.000, 53.248  ,0.460 
 10.000,220.000, 50.789  ,0.497 
 20.000,220.000, 46.741  ,0.537 
 30.000,220.000, 40.485  ,0.583 
 40.000,220.000, 31.147  ,0.633 
 50.000,220.000, 17.472  ,0.691 
 60.000,220.000, -2.356  ,0.756 
 70.000,220.000,-30.989  ,0.830 
 80.000,220.000,-72.329  ,0.916 
 90.000,220.000,-132.118 , 1.015 
100.000,220.000,-218.713 , 1.132 
110.000,220.000,-343.798 , 1.271 
120.000,220.000,-521.817 , 1.436 
130.000,220.000,-762.936 , 1.636 
140.000,220.000,-1041.052,  1.874 
150.000,220.000,-1217.429,  2.140 
160.000,220.000,-1106.617,  2.405 
170.000,220.000,-773.512 , 2.635 
180.000,220.000,-390.988 , 2.823 
190.000,220.000,-41.433  ,2.972 
200.000,220.000,255.572  ,3.088 
210.000,220.000,502.484  ,3.177 
220.000,220.000,707.546  ,3.243 
230.000,220.000,879.550  ,3.288 
240.000,220.000,1026.413 , 3.315 
250.000,220.000,1155.069 , 3.323 
260.000,220.000,1271.798 , 3.315 
270.000,220.000,1382.731 , 3.288 
280.000,220.000,1494.481 , 3.243 
290.000,220.000,1614.917 , 3.177 
300.000,220.000,1754.075 , 3.088 
310.000,220.000,1924.979 , 2.972 
320.000,220.000,2143.153 , 2.823 
330.000,220.000,2419.648 , 2.635 
340.000,220.000,2729.093 , 2.405 
350.000,220.000,2933.375 , 2.140 
360.000,220.000,2847.582 , 1.874 
370.000,220.000,2537.094 , 1.636 
380.000,220.000,2175.237 , 1.436 
390.000,220.000,1844.846 , 1.271 
400.000,220.000,1565.965 , 1.132 
410.000,220.000,1336.654 , 1.015 
420.000,220.000,1149.283 , 0.916 
430.000,220.000,995.828  ,0.830 
440.000,220.000,869.374  ,0.756 
450.000,220.000,764.357  ,0.691 
460.000,220.000,676.414  ,0.633 
470.000,220.000,602.157  ,0.583 
480.000,220.000,538.955  ,0.537 
490.000,220.000,484.756  ,0.497 
500.000,220.000,437.953  ,0.460 
  0.000,230.000, 86.776  ,0.465 
 10.000,230.000, 89.367  ,0.502 
 20.000,230.000, 91.405  ,0.543 
 30.000,230.000, 92.547  ,0.589 
 40.000,230.000, 92.273  ,0.642 
 50.000,230.000, 89.797  ,0.701 
 60.000,230.000, 83.913  ,0.768 
 70.000,230.000, 72.761  ,0.845 
 80.000,230.000, 53.433  ,0.935 
 90.000,230.000, 21.370  ,1.040 
100.000,230.000,-30.562  ,1.165 
110.000,230.000,-113.256 , 1.315 
120.000,230.000,-242.046 , 1.499 
130.000,230.000,-432.645 , 1.726 
140.000,230.000,-673.622 , 2.003 
150.000,230.000,-837.950 , 2.323 
160.000,230.000,-710.574 , 2.640 
170.000,230.000,-342.022 , 2.910 
180.000,230.000, 71.911  ,3.125 
190.000,230.000,438.956  ,3.291 
200.000,230.000,741.341  ,3.419 
210.000,230.000,985.463  ,3.515 
220.000,230.000,1182.581 , 3.586 
230.000,230.000,1343.259 , 3.634 
240.000,230.000,1476.241 , 3.662 
250.000,230.000,1588.628 , 3.671 
260.000,230.000,1686.410 , 3.662 
270.000,230.000,1775.071 , 3.634 
280.000,230.000,1860.275 , 3.586 
290.000,230.000,1948.702 , 3.515 
300.000,230.000,2049.132 , 3.419 
310.000,230.000,2173.751 , 3.291 
320.000,230.000,2338.917 , 3.125 
330.000,230.000,2561.167 , 2.910 
340.000,230.000,2829.739 , 2.640 
350.000,230.000,3018.161 , 2.323 
360.000,230.000,2911.838 , 2.003 
370.000,230.000,2561.697 , 1.726 
380.000,230.000,2163.887 , 1.499 
390.000,230.000,1811.004 , 1.315 
400.000,230.000,1521.141 , 1.165 
410.000,230.000,1288.241 , 1.040 
420.000,230.000,1101.432 , 0.935 
430.000,230.000,950.630  ,0.845 
440.000,230.000,827.728  ,0.768 
450.000,230.000,726.508  ,0.701 
460.000,230.000,642.272  ,0.642 
470.000,230.000,571.474  ,0.589 
480.000,230.000,511.420  ,0.543 
490.000,230.000,460.046  ,0.502 
500.000,230.000,415.758  ,0.465 
  0.000,240.000,119.582  ,0.467 
 10.000,240.000,127.206  ,0.505 
 20.000,240.000,135.354  ,0.547 
 30.000,240.000,143.984  ,0.594 
 40.000,240.000,152.981  ,0.646 
 50.000,240.000,162.111  ,0.707 
 60.000,240.000,170.920  ,0.775 
 70.000,240.000,178.574  ,0.855 
 80.000,240.000,183.558  ,0.947 
 90.000,240.000,183.136  ,1.056 
100.000,240.000,172.370  ,1.186 
110.000,240.000,142.414  ,1.344 
120.000,240.000, 77.965  ,1.540 
130.000,240.000,-43.806  ,1.785 
140.000,240.000,-234.840 , 2.089 
150.000,240.000,-401.939 , 2.442 
160.000,240.000,-322.495 , 2.793 
170.000,240.000, -3.930  ,3.089 
180.000,240.000,371.152  ,3.322 
190.000,240.000,706.228  ,3.500 
200.000,240.000,980.429  ,3.636 
210.000,240.000,1199.025 , 3.737 
220.000,240.000,1372.639 , 3.811 
230.000,240.000,1511.150 , 3.861 
240.000,240.000,1622.481 , 3.890 
250.000,240.000,1712.786 , 3.900 
260.000,240.000,1786.944 , 3.890 
270.000,240.000,1849.106 , 3.861 
280.000,240.000,1903.291 , 3.811 
290.000,240.000,1954.146 , 3.737 
300.000,240.000,2008.079 , 3.636 
310.000,240.000,2075.083 , 3.500 
320.000,240.000,2171.362 , 3.322 
330.000,240.000,2320.456 , 3.089 
340.000,240.000,2534.877 , 2.793 
350.000,240.000,2721.881 , 2.442 
360.000,240.000,2659.228 , 2.089 
370.000,240.000,2354.635 , 1.785 
380.000,240.000,1990.945 , 1.540 
390.000,240.000,1664.881 , 1.344 
400.000,240.000,1397.474 , 1.186 
410.000,240.000,1183.600 , 1.056 
420.000,240.000,1012.778 , 0.947 
430.000,240.000,875.290  ,0.855 
440.000,240.000,763.423  ,0.775 
450.000,240.000,671.343  ,0.707 
460.000,240.000,594.694  ,0.646 
470.000,240.000,530.218  ,0.594 
480.000,240.000,475.456  ,0.547 
490.000,240.000,428.539  ,0.505 
500.000,240.000,388.023  ,0.467 
  0.000,250.000,150.709  ,0.468 
 10.000,250.000,163.083  ,0.506 
 20.000,250.000,177.001  ,0.548 
 30.000,250.000,192.710  ,0.595 
 40.000,250.000,210.491  ,0.648 
 50.000,250.000,230.648  ,0.709 
 60.000,250.000,253.479  ,0.778 
 70.000,250.000,279.189  ,0.858 
 80.000,250.000,307.709  ,0.951 
 90.000,250.000,338.246  ,1.061 
100.000,250.000,368.272  ,1.193 
110.000,250.000,391.244  ,1.354 
120.000,250.000,391.853  ,1.554 
130.000,250.000,339.251  ,1.805 
140.000,250.000,197.344  ,2.118 
150.000,250.000, 25.368  ,2.483 
160.000,250.000, 39.452  ,2.844 
170.000,250.000,264.904  ,3.150 
180.000,250.000,550.436  ,3.389 
190.000,250.000,811.130  ,3.571 
200.000,250.000,1026.408 , 3.709 
210.000,250.000,1198.403 , 3.813 
220.000,250.000,1334.304 , 3.887 
230.000,250.000,1441.080 , 3.938 
240.000,250.000,1524.312 , 3.968 
250.000,250.000,1588.203 , 3.978 
260.000,250.000,1635.872 , 3.968 
270.000,250.000,1669.694 , 3.938 
280.000,250.000,1691.711 , 3.887 
290.000,250.000,1704.225 , 3.813 
300.000,250.000,1710.933 , 3.709 
310.000,250.000,1719.290 , 3.571 
320.000,250.000,1745.317 , 3.389 
330.000,250.000,1820.422 , 3.150 
340.000,250.000,1981.137 , 2.844 
350.000,250.000,2168.560 , 2.483 
360.000,250.000,2166.819 , 2.118 
370.000,250.000,1950.790 , 1.805 
380.000,250.000,1671.883 , 1.554 
390.000,250.000,1415.078 , 1.354 
400.000,250.000,1200.961 , 1.193 
410.000,250.000,1027.357 , 1.061 
420.000,250.000,886.978  ,0.951 
430.000,250.000,772.703  ,0.858 
440.000,250.000,678.750  ,0.778 
450.000,250.000,600.675  ,0.709 
460.000,250.000,535.117  ,0.648 
470.000,250.000,479.532  ,0.595 
480.000,250.000,431.981  ,0.548 
490.000,250.000,390.973  ,0.506 
500.000,250.000,355.346  ,0.468 
  0.000,260.000,179.264  ,0.467 
 10.000,260.000,195.853  ,0.505 
 20.000,260.000,214.858  ,0.547 
 30.000,260.000,236.765  ,0.594 
 40.000,260.000,262.177  ,0.646 
 50.000,260.000,291.835  ,0.707 
 60.000,260.000,326.635  ,0.775 
 70.000,260.000,367.615  ,0.855 
 80.000,260.000,415.848  ,0.947 
 90.000,260.000,472.100  ,1.056 
100.000,260.000,535.853  ,1.186 
110.000,260.000,602.772  ,1.344 
120.000,260.000,658.700  ,1.540 
130.000,260.000,668.819  ,1.785 
140.000,260.000,578.923  ,2.089 
150.000,260.000,410.710  ,2.442 
160.000,260.000,353.715  ,2.793 
170.000,260.000,458.576  ,3.089 
180.000,260.000,619.819  ,3.322 
190.000,260.000,776.347  ,3.500 
200.000,260.000,910.915  ,3.636 
210.000,260.000,1021.368 , 3.737 
220.000,260.000,1109.592 , 3.811 
230.000,260.000,1178.141 , 3.861 
240.000,260.000,1229.246 , 3.890 
250.000,260.000,1264.549 , 3.900 
260.000,260.000,1285.090 , 3.890 
270.000,260.000,1291.377 , 3.861 
280.000,260.000,1283.565 , 3.811 
290.000,260.000,1261.863 , 3.737 
300.000,260.000,1227.563 , 3.636 
310.000,260.000,1185.611 , 3.500 
320.000,260.000,1150.644 , 3.322 
330.000,260.000,1157.855 , 3.089 
340.000,260.000,1261.734 , 2.793 
350.000,260.000,1440.787 , 2.442 
360.000,260.000,1505.616 , 2.089 
370.000,260.000,1405.649 , 1.785 
380.000,260.000,1246.368 , 1.540 
390.000,260.000,1088.809 , 1.344 
400.000,260.000,950.082  ,1.186 
410.000,260.000,832.133  ,1.056 
420.000,260.000,732.771  ,0.947 
430.000,260.000,649.026  ,0.855 
440.000,260.000,578.125  ,0.775 
450.000,260.000,517.729  ,0.707 
460.000,260.000,465.938  ,0.646 
470.000,260.000,421.228  ,0.594 
480.000,260.000,382.382  ,0.547 
490.000,260.000,348.426  ,0.505 
500.000,260.000,318.576  ,0.467 
  0.000,270.000,204.483  ,0.465 
 10.000,270.000,224.545  ,0.502 
 20.000,270.000,247.677  ,0.543 
 30.000,270.000,274.520  ,0.589 
 40.000,270.000,305.883  ,0.642 
 50.000,270.000,342.770  ,0.701 
 60.000,270.000,386.421  ,0.768 
 70.000,270.000,438.321  ,0.845 
 80.000,270.000,500.135  ,0.935 
 90.000,270.000,573.403  ,1.040 
100.000,270.000,658.660  ,1.165 
110.000,270.000,753.063  ,1.315 
120.000,270.000,844.601  ,1.499 
130.000,270.000,900.281  ,1.726 
140.000,270.000,857.901  ,2.003 
150.000,270.000,694.940  ,2.323 
160.000,270.000,547.325  ,2.640 
170.000,270.000,500.709  ,2.910 
180.000,270.000,514.735  ,3.125 
190.000,270.000,552.959  ,3.291 
200.000,270.000,597.920  ,3.419 
210.000,270.000,641.004  ,3.515 
220.000,270.000,677.764  ,3.586 
230.000,270.000,705.839  ,3.634 
240.000,270.000,723.865  ,3.662 
250.000,270.000,730.859  ,3.671 
260.000,270.000,725.870  ,3.662 
270.000,270.000,707.801  ,3.634 
280.000,270.000,675.393  ,3.586 
290.000,270.000,627.483  ,3.515 
300.000,270.000,563.868  ,3.419 
310.000,270.000,487.674  ,3.291 
320.000,270.000,411.137  ,3.125 
330.000,270.000,367.424  ,2.910 
340.000,270.000,418.858  ,2.640 
350.000,270.000,588.027  ,2.323 
360.000,270.000,739.023  ,2.003 
370.000,270.000,786.150  ,1.726 
380.000,270.000,769.667  ,1.499 
390.000,270.000,725.848  ,1.315 
400.000,270.000,671.907  ,1.165 
410.000,270.000,616.117  ,1.040 
420.000,270.000,562.469  ,0.935 
430.000,270.000,512.729  ,0.845 
440.000,270.000,467.491  ,0.768 
450.000,270.000,426.758  ,0.701 
460.000,270.000,390.259  ,0.642 
470.000,270.000,357.609  ,0.589 
480.000,270.000,328.398  ,0.543 
490.000,270.000,302.231  ,0.502 
500.000,270.000,278.748  ,0.465 
  0.000,280.000,225.789  ,0.460 
 10.000,280.000,248.443  ,0.497 
 20.000,280.000,274.558  ,0.537 
 30.000,280.000,304.840  ,0.583 
 40.000,280.000,340.161  ,0.633 
 50.000,280.000,381.587  ,0.691 
 60.000,280.000,430.406  ,0.756 
 70.000,280.000,488.115  ,0.830 
 80.000,280.000,556.312  ,0.916 
 90.000,280.000,636.370  ,1.015 
100.000,280.000,728.538  ,1.132 
110.000,280.000,829.774  ,1.271 
120.000,280.000,928.704  ,1.436 
130.000,280.000,995.189  ,1.636 
140.000,280.000,968.235  ,1.874 
150.000,280.000,792.983  ,2.140 
160.000,280.000,544.381  ,2.405 
170.000,280.000,346.074  ,2.635 
180.000,280.000,221.836  ,2.823 
190.000,280.000,151.374  ,2.972 
200.000,280.000,113.703  ,3.088 
210.000,280.000, 93.899  ,3.177 
220.000,280.000, 82.125  ,3.243 
230.000,280.000, 71.954  ,3.288 
240.000,280.000, 59.058  ,3.315 
250.000,280.000, 40.317  ,3.323 
260.000,280.000, 13.246  ,3.315 
270.000,280.000,-24.333  ,3.288 
280.000,280.000,-74.396  ,3.243 
290.000,280.000,-138.511 , 3.177 
300.000,280.000,-217.024 , 3.088 
310.000,280.000,-306.937 , 2.972 
320.000,280.000,-396.903 , 2.823 
330.000,280.000,-456.806 , 2.635 
340.000,280.000,-425.691 , 2.405 
350.000,280.000,-248.761 , 2.140 
360.000,280.000, -1.058  ,1.874 
370.000,280.000,193.634  ,1.636 
380.000,280.000,311.353  ,1.436 
390.000,280.000,372.138  ,1.271 
400.000,280.000,396.647  ,1.132 
410.000,280.000,399.381  ,1.015 
420.000,280.000,389.636  ,0.916 
430.000,280.000,373.157  ,0.830 
440.000,280.000,353.416  ,0.756 
450.000,280.000,332.472  ,0.691 
460.000,280.000,311.520  ,0.633 
470.000,280.000,291.231  ,0.583 
480.000,280.000,271.960  ,0.537 
490.000,280.000,253.869  ,0.497 
500.000,280.000,237.011  ,0.460 
  0.000,290.000,242.820  ,0.455 
 10.000,290.000,267.123  ,0.490 
 20.000,290.000,295.011  ,0.530 
 30.000,290.000,327.160  ,0.574 
 40.000,290.000,364.376  ,0.622 
 50.000,290.000,407.606  ,0.677 
 60.000,290.000,457.920  ,0.740 
 70.000,290.000,516.452  ,0.810 
 80.000,290.000,584.202  ,0.890 
 90.000,290.000,661.598  ,0.983 
100.000,290.000,747.500  ,1.090 
110.000,290.000,837.069  ,1.214 
120.000,290.000,917.373  ,1.360 
130.000,290.000,959.376  ,1.529 
140.000,290.000,910.500  ,1.722 
150.000,290.000,721.314  ,1.932 
160.000,290.000,434.015  ,2.140 
170.000,290.000,160.016  ,2.327 
180.000,290.000,-47.723  ,2.484 
190.000,290.000,-192.499 , 2.613 
200.000,290.000,-291.722 , 2.716 
210.000,290.000,-361.311 , 2.796 
220.000,290.000,-413.139 , 2.856 
230.000,290.000,-455.629 , 2.897 
240.000,290.000,-494.767 , 2.921 
250.000,290.000,-534.928 , 2.929 
260.000,290.000,-579.453 , 2.921 
270.000,290.000,-630.975 , 2.897 
280.000,290.000,-691.500 , 2.856 
290.000,290.000,-762.133 , 2.796 
300.000,290.000,-842.202 , 2.716 
310.000,290.000,-927.201 , 2.613 
320.000,290.000,-1004.447,  2.484 
330.000,290.000,-1045.109,  2.327 
340.000,290.000,-996.791 , 2.140 
350.000,290.000,-810.241 , 1.932 
360.000,290.000,-527.847 , 1.722 
370.000,290.000,-261.241 , 1.529 
380.000,290.000,-63.639  ,1.360 
390.000,290.000, 67.947  ,1.214 
400.000,290.000,150.554  ,1.090 
410.000,290.000,199.644  ,0.983 
420.000,290.000,226.532  ,0.890 
430.000,290.000,238.968  ,0.810 
440.000,290.000,242.124  ,0.740 
450.000,290.000,239.417  ,0.677 
460.000,290.000,233.096  ,0.622 
470.000,290.000,224.636  ,0.574 
480.000,290.000,215.006  ,0.530 
490.000,290.000,204.837  ,0.490 
500.000,290.000,194.538  ,0.455 
  0.000,300.000,255.441  ,0.448 
 10.000,300.000,280.465  ,0.482 
 20.000,300.000,308.956  ,0.520 
 30.000,300.000,341.484  ,0.562 
 40.000,300.000,378.690  ,0.609 
 50.000,300.000,421.268  ,0.661 
 60.000,300.000,469.904  ,0.720 
 70.000,300.000,525.146  ,0.786 
 80.000,300.000,587.130  ,0.860 
 90.000,300.000,655.039  ,0.945 
100.000,300.000,726.065  ,1.041 
110.000,300.000,793.479  ,1.151 
120.000,300.000,843.336  ,1.276 
130.000,300.000,850.182  ,1.417 
140.000,300.000,777.293  ,1.572 
150.000,300.000,598.597  ,1.736 
160.000,300.000,341.050  ,1.897 
170.000,300.000, 74.070  ,2.045 
180.000,300.000,-153.756 , 2.175 
190.000,300.000,-331.255 , 2.284 
200.000,300.000,-465.519 , 2.373 
210.000,300.000,-567.760 , 2.443 
220.000,300.000,-648.188 , 2.497 
230.000,300.000,-714.914 , 2.534 
240.000,300.000,-774.110 , 2.556 
250.000,300.000,-830.428 , 2.563 
260.000,300.000,-887.361 , 2.556 
270.000,300.000,-947.445 , 2.534 
280.000,300.000,-1012.235,  2.497 
290.000,300.000,-1081.934,  2.443 
300.000,300.000,-1154.481,  2.373 
310.000,300.000,-1223.706,  2.284 
320.000,300.000,-1276.096,  2.175 
330.000,300.000,-1286.551,  2.045 
340.000,300.000,-1218.646,  1.897 
350.000,300.000,-1046.584,  1.736 
360.000,300.000,-797.594 , 1.572 
370.000,300.000,-541.367 , 1.417 
380.000,300.000,-326.794 , 1.276 
390.000,300.000,-165.386 , 1.151 
400.000,300.000,-50.434  ,1.041 
410.000,300.000, 28.827  ,0.945 
420.000,300.000, 82.090  ,0.860 
430.000,300.000,116.876  ,0.786 
440.000,300.000,138.687  ,0.720 
450.000,300.000,151.453  ,0.661 
460.000,300.000,157.944  ,0.609 
470.000,300.000,160.111  ,0.562 
480.000,300.000,159.322  ,0.520 
490.000,300.000,156.540  ,0.482 
500.000,300.000,152.443  ,0.448 
  0.000,310.000,263.727  ,0.440 
 10.000,310.000,288.626  ,0.473 
 20.000,310.000,316.678  ,0.509 
 30.000,310.000,348.300  ,0.549 
 40.000,310.000,383.911  ,0.594 
 50.000,310.000,423.892  ,0.643 
 60.000,310.000,468.480  ,0.698 
 70.000,310.000,517.601  ,0.759 
 80.000,310.000,570.551  ,0.827 
 90.000,310.000,625.452  ,0.904 
100.000,310.000,678.342  ,0.990 
110.000,310.000,721.769  ,1.086 
120.000,310.000,743.000  ,1.192 
130.000,310.000,723.036  ,1.309 
140.000,310.000,640.334  ,1.434 
150.000,310.000,484.516  ,1.563 
160.000,310.000,272.787  ,1.690 
170.000,310.000, 43.908  ,1.808 
180.000,310.000,-168.230 , 1.914 
190.000,310.000,-348.298 , 2.006 
200.000,310.000,-495.146 , 2.082 
210.000,310.000,-613.946 , 2.143 
220.000,310.000,-711.429 , 2.190 
230.000,310.000,-793.891 , 2.222 
240.000,310.000,-866.590 , 2.242 
250.000,310.000,-933.665 , 2.248 
260.000,310.000,-998.213 , 2.242 
270.000,310.000,-1062.305,  2.222 
280.000,310.000,-1126.845,  2.190 
290.000,310.000,-1191.166,  2.143 
300.000,310.000,-1252.226,  2.082 
310.000,310.000,-1303.284,  2.006 
320.000,310.000,-1332.173,  1.914 
330.000,310.000,-1320.351,  1.808 
340.000,310.000,-1246.668,  1.690 
350.000,310.000,-1101.093,  1.563 
360.000,310.000,-901.153 , 1.434 
370.000,310.000,-685.928 , 1.309 
380.000,310.000,-489.633 , 1.192 
390.000,310.000,-327.938 , 1.086 
400.000,310.000,-202.359 , 0.990 
410.000,310.000,-108.127 , 0.904 
420.000,310.000,-38.945  ,0.827 
430.000,310.000, 11.026  ,0.759 
440.000,310.000, 46.574  ,0.698 
450.000,310.000, 71.418  ,0.643 
460.000,310.000, 88.368  ,0.594 
470.000,310.000, 99.515  ,0.549 
480.000,310.000,106.408  ,0.509 
490.000,310.000,110.193  ,0.473 
500.000,310.000,111.713  ,0.440 
  0.000,320.000,267.931  ,0.430 
 10.000,320.000,291.988  ,0.462 
 20.000,320.000,318.747  ,0.496 
 30.000,320.000,348.453  ,0.534 
 40.000,320.000,381.293  ,0.576 
 50.000,320.000,417.332  ,0.622 
 60.000,320.000,456.395  ,0.673 
 70.000,320.000,497.885  ,0.730 
 80.000,320.000,540.479  ,0.792 
 90.000,320.000,581.677  ,0.861 
100.000,320.000,617.148  ,0.937 
110.000,320.000,639.950  ,1.020 
120.000,320.000,639.957  ,1.111 
130.000,320.000,604.505  ,1.208 
140.000,320.000,522.015  ,1.310 
150.000,320.000,389.186  ,1.414 
160.000,320.000,216.987  ,1.516 
170.000,320.000, 27.344  ,1.612 
180.000,320.000,-157.999 , 1.699 
190.000,320.000,-325.536 , 1.775 
200.000,320.000,-470.511 , 1.839 
210.000,320.000,-593.763 , 1.892 
220.000,320.000,-698.676 , 1.932 
230.000,320.000,-789.318 , 1.961 
240.000,320.000,-869.513 , 1.978 
250.000,320.000,-942.456 , 1.984 
260.000,320.000,-1010.534,  1.978 
270.000,320.000,-1075.188,  1.961 
280.000,320.000,-1136.704,  1.932 
290.000,320.000,-1193.842,  1.892 
300.000,320.000,-1243.266,  1.839 
310.000,320.000,-1278.826,  1.775 
320.000,320.000,-1291.035,  1.699 
330.000,320.000,-1267.756,  1.612 
340.000,320.000,-1197.857,  1.516 
350.000,320.000,-1078.431,  1.414 
360.000,320.000,-920.803 , 1.310 
370.000,320.000,-747.236 , 1.208 
380.000,320.000,-579.799 , 1.111 
390.000,320.000,-432.325 , 1.020 
400.000,320.000,-309.899 , 0.937 
410.000,320.000,-212.014 , 0.861 
420.000,320.000,-135.614 , 0.792 
430.000,320.000,-76.941  ,0.730 
440.000,320.000,-32.415  ,0.673 
450.000,320.000,  1.036  ,0.622 
460.000,320.000, 25.911  ,0.576 
470.000,320.000, 44.189  ,0.534 
480.000,320.000, 57.410  ,0.496 
490.000,320.000, 66.764  ,0.462 
500.000,320.000, 73.163  ,0.430 
  0.000,330.000,268.439  ,0.420 
 10.000,330.000,291.088  ,0.450 
 20.000,330.000,315.916  ,0.483 
 30.000,330.000,342.998  ,0.519 
 40.000,330.000,372.309  ,0.558 
 50.000,330.000,403.645  ,0.601 
 60.000,330.000,436.512  ,0.648 
 70.000,330.000,469.956  ,0.699 
 80.000,330.000,502.319  ,0.756 
 90.000,330.000,530.920  ,0.817 
100.000,330.000,551.680  ,0.884 
110.000,330.000,558.823  ,0.957 
120.000,330.000,544.961  ,1.034 
130.000,330.000,502.132  ,1.116 
140.000,330.000,424.319  ,1.200 
150.000,330.000,310.986  ,1.285 
160.000,330.000,169.266  ,1.368 
170.000,330.000, 12.158  ,1.447 
180.000,330.000,-146.489 , 1.519 
190.000,330.000,-296.348 , 1.582 
200.000,330.000,-431.997 , 1.637 
210.000,330.000,-552.014 , 1.682 
220.000,330.000,-657.410 , 1.717 
230.000,330.000,-750.312 , 1.741 
240.000,330.000,-833.102 , 1.756 
250.000,330.000,-907.917 , 1.761 
260.000,330.000,-976.347 , 1.756 
270.000,330.000,-1039.209,  1.741 
280.000,330.000,-1096.317,  1.717 
290.000,330.000,-1146.194,  1.682 
300.000,330.000,-1185.745,  1.637 
310.000,330.000,-1210.000,  1.582 
320.000,330.000,-1212.237,  1.519 
330.000,330.000,-1185.049,  1.447 
340.000,330.000,-1122.894,  1.368 
350.000,330.000,-1025.648,  1.285 
360.000,330.000,-900.814 , 1.200 
370.000,330.000,-761.727 , 1.116 
380.000,330.000,-622.550 , 1.034 
390.000,330.000,-493.903 , 0.957 
400.000,330.000,-381.488 , 0.884 
410.000,330.000,-286.982 , 0.817 
420.000,330.000,-209.590 , 0.756 
430.000,330.000,-147.341 , 0.699 
440.000,330.000,-97.899  ,0.648 
450.000,330.000,-58.994  ,0.601 
460.000,330.000,-28.610  ,0.558 
470.000,330.000, -5.046  ,0.519 
480.000,330.000, 13.097  ,0.483 
490.000,330.000, 26.947  ,0.450 
500.000,330.000, 37.406  ,0.420 
  0.000,340.000,265.722  ,0.409 
 10.000,340.000,286.560  ,0.437 
 20.000,340.000,309.030  ,0.468 
 30.000,340.000,333.064  ,0.502 
 40.000,340.000,358.462  ,0.538 
 50.000,340.000,384.823  ,0.578 
 60.000,340.000,411.445  ,0.621 
 70.000,340.000,437.187  ,0.668 
 80.000,340.000,460.303  ,0.719 
 90.000,340.000,478.246  ,0.774 
100.000,340.000,487.510  ,0.833 
110.000,340.000,483.609  ,0.896 
120.000,340.000,461.403  ,0.962 
130.000,340.000,416.005  ,1.031 
140.000,340.000,344.331  ,1.102 
150.000,340.000,246.824  ,1.173 
160.000,340.000,128.263  ,1.241 
170.000,340.000, -3.245  ,1.306 
180.000,340.000,-138.694 , 1.366 
190.000,340.000,-270.547 , 1.420 
200.000,340.000,-393.917 , 1.466 
210.000,340.000,-506.513 , 1.504 
220.000,340.000,-607.949 , 1.534 
230.000,340.000,-698.952 , 1.555 
240.000,340.000,-780.713 , 1.568 
250.000,340.000,-854.422 , 1.573 
260.000,340.000,-920.941 , 1.568 
270.000,340.000,-980.564 , 1.555 
280.000,340.000,-1032.801,  1.534 
290.000,340.000,-1076.184,  1.504 
300.000,340.000,-1108.118,  1.466 
310.000,340.000,-1124.888,  1.420 
320.000,340.000,-1122.003,  1.366 
330.000,340.000,-1095.129,  1.306 
340.000,340.000,-1041.656,  1.241 
350.000,340.000,-962.437 , 1.173 
360.000,340.000,-862.615 , 1.102 
370.000,340.000,-750.618 , 1.031 
380.000,340.000,-635.742 , 0.962 
390.000,340.000,-525.778 , 0.896 
400.000,340.000,-425.834 , 0.833 
410.000,340.000,-338.379 , 0.774 
420.000,340.000,-263.912 , 0.719 
430.000,340.000,-201.727 , 0.668 
440.000,340.000,-150.518 , 0.621 
450.000,340.000,-108.772 , 0.578 
460.000,340.000,-74.999  ,0.538 
470.000,340.000,-47.841  ,0.502 
480.000,340.000,-26.116  ,0.468 
490.000,340.000, -8.826  ,0.437 
500.000,340.000,  4.860  ,0.409 
  0.000,350.000,260.293  ,0.397 
 10.000,350.000,279.066  ,0.424 
 20.000,350.000,298.945  ,0.453 
 30.000,350.000,319.747  ,0.485 
 40.000,350.000,341.150  ,0.518 
 50.000,350.000,362.627  ,0.555 
 60.000,350.000,383.369  ,0.595 
 70.000,350.000,402.190  ,0.637 
 80.000,350.000,417.421  ,0.683 
 90.000,350.000,426.821  ,0.732 
100.000,350.000,427.540  ,0.784 
110.000,350.000,416.234  ,0.839 
120.000,350.000,389.406  ,0.896 
130.000,350.000,344.077  ,0.955 
140.000,350.000,278.693  ,1.014 
150.000,350.000,193.982  ,1.074 
160.000,350.000, 93.246  ,1.131 
170.000,350.000,-18.214  ,1.186 
180.000,350.000,-134.360 , 1.236 
190.000,350.000,-249.737 , 1.281 
200.000,350.000,-360.302 , 1.320 
210.000,350.000,-463.612 , 1.353 
220.000,350.000,-558.584 , 1.378 
230.000,350.000,-645.058 , 1.397 
240.000,350.000,-723.360 , 1.408 
250.000,350.000,-793.941 , 1.411 
260.000,350.000,-857.085 , 1.408 
270.000,350.000,-912.695 , 1.397 
280.000,350.000,-960.119 , 1.378 
290.000,350.000,-998.028 , 1.353 
300.000,350.000,-1024.379,  1.320 
310.000,350.000,-1036.525,  1.281 
320.000,350.000,-1031.576,  1.236 
330.000,350.000,-1007.072,  1.186 
340.000,350.000,-961.914 , 1.131 
350.000,350.000,-897.219 , 1.074 
360.000,350.000,-816.634 , 1.014 
370.000,350.000,-725.756 , 0.955 
380.000,350.000,-630.877 , 0.896 
390.000,350.000,-537.665 , 0.839 
400.000,350.000,-450.328 , 0.784 
410.000,350.000,-371.413 , 0.732 
420.000,350.000,-302.028 , 0.683 
430.000,350.000,-242.251 , 0.637 
440.000,350.000,-191.522 , 0.595 
450.000,350.000,-148.949 , 0.555 
460.000,350.000,-113.519 , 0.518 
470.000,350.000,-84.220  ,0.485 
480.000,350.000,-60.114  ,0.453 
490.000,350.000,-40.364  ,0.424 
500.000,350.000,-24.245  ,0.397 
  0.000,360.000,252.671  ,0.385 
 10.000,360.000,269.254  ,0.411 
 20.000,360.000,286.465  ,0.438 
 30.000,360.000,304.042  ,0.467 
 40.000,360.000,321.585  ,0.498 
 50.000,360.000,338.505  ,0.532 
 60.000,360.000,353.968  ,0.568 
 70.000,360.000,366.837  ,0.606 
 80.000,360.000,375.614  ,0.648 
 90.000,360.000,378.416  ,0.691 
100.000,360.000,373.011  ,0.737 
110.000,360.000,356.957  ,0.785 
120.000,360.000,327.899  ,0.834 
130.000,360.000,284.020  ,0.885 
140.000,360.000,224.570  ,0.936 
150.000,360.000,150.303  ,0.986 
160.000,360.000, 63.573  ,1.035 
170.000,360.000,-32.005  ,1.081 
180.000,360.000,-132.254 , 1.123 
190.000,360.000,-233.186 , 1.161 
200.000,360.000,-331.559 , 1.195 
210.000,360.000,-425.098 , 1.222 
220.000,360.000,-512.442 , 1.244 
230.000,360.000,-592.928 , 1.260 
240.000,360.000,-666.319 , 1.270 
250.000,360.000,-732.544 , 1.273 
260.000,360.000,-791.476 , 1.270 
270.000,360.000,-842.759 , 1.260 
280.000,360.000,-885.677 , 1.244 
290.000,360.000,-919.087 , 1.222 
300.000,360.000,-941.436 , 1.195 
310.000,360.000,-950.892 , 1.161 
320.000,360.000,-945.639 , 1.123 
330.000,360.000,-924.333 , 1.081 
340.000,360.000,-886.641 , 1.035 
350.000,360.000,-833.674 , 0.986 
360.000,360.000,-768.099 , 0.936 
370.000,360.000,-693.794 , 0.885 
380.000,360.000,-615.156 , 0.834 
390.000,360.000,-536.339 , 0.785 
400.000,360.000,-460.698 , 0.737 
410.000,360.000,-390.553 , 0.691 
420.000,360.000,-327.220 , 0.648 
430.000,360.000,-271.205 , 0.606 
440.000,360.000,-222.440 , 0.568 
450.000,360.000,-180.493 , 0.532 
460.000,360.000,-144.741 , 0.498 
470.000,360.000,-114.483 , 0.467 
480.000,360.000,-89.012  ,0.438 
490.000,360.000,-67.665  ,0.411 
500.000,360.000,-49.838  ,0.385 
  0.000,370.000,243.349  ,0.373 
 10.000,370.000,257.722  ,0.397 
 20.000,370.000,272.311  ,0.422 
 30.000,370.000,286.804  ,0.449 
 40.000,370.000,300.764  ,0.478 
 50.000,370.000,313.587  ,0.509 
 60.000,370.000,324.472  ,0.542 
 70.000,370.000,332.382  ,0.576 
 80.000,370.000,336.029  ,0.613 
 90.000,370.000,333.880  ,0.652 
100.000,370.000,324.221  ,0.693 
110.000,370.000,305.291  ,0.735 
120.000,370.000,275.507  ,0.778 
130.000,370.000,233.760  ,0.821 
140.000,370.000,179.730  ,0.865 
150.000,370.000,114.107  ,0.908 
160.000,370.000, 38.619  ,0.949 
170.000,370.000,-44.175  ,0.988 
180.000,370.000,-131.290 , 1.025 
190.000,370.000,-219.764 , 1.057 
200.000,370.000,-307.020 , 1.085 
210.000,370.000,-391.052 , 1.109 
220.000,370.000,-470.454 , 1.128 
230.000,370.000,-544.316 , 1.141 
240.000,370.000,-612.070 , 1.150 
250.000,370.000,-673.315 , 1.152 
260.000,370.000,-727.660 , 1.150 
270.000,370.000,-774.595 , 1.141 
280.000,370.000,-813.404 , 1.128 
290.000,370.000,-843.130 , 1.109 
300.000,370.000,-862.610 , 1.085 
310.000,370.000,-870.595 , 1.057 
320.000,370.000,-865.967 , 1.025 
330.000,370.000,-848.031 , 0.988 
340.000,370.000,-816.835 , 0.949 
350.000,370.000,-773.388 , 0.908 
360.000,370.000,-719.692 , 0.865 
370.000,370.000,-658.534 , 0.821 
380.000,370.000,-593.077 , 0.778 
390.000,370.000,-526.411 , 0.735 
400.000,370.000,-461.181 , 0.693 
410.000,370.000,-399.387 , 0.652 
420.000,370.000,-342.343 , 0.613 
430.000,370.000,-290.753 , 0.576 
440.000,370.000,-244.845 , 0.542 
450.000,370.000,-204.506 , 0.509 
460.000,370.000,-169.407 , 0.478 
470.000,370.000,-139.103 , 0.449 
480.000,370.000,-113.095 , 0.422 
490.000,370.000,-90.878  ,0.397 
500.000,370.000,-71.973  ,0.373 
  0.000,380.000,232.775  ,0.360 
 10.000,380.000,245.000  ,0.382 
 20.000,380.000,257.098  ,0.406 
 30.000,380.000,268.735  ,0.431 
 40.000,380.000,279.466  ,0.458 
 50.000,380.000,288.709  ,0.486 
 60.000,380.000,295.725  ,0.516 
 70.000,380.000,299.605  ,0.547 
 80.000,380.000,299.270  ,0.581 
 90.000,380.000,293.496  ,0.615 
100.000,380.000,280.985  ,0.651 
110.000,380.000,260.473  ,0.688 
120.000,380.000,230.895  ,0.726 
130.000,380.000,191.580  ,0.763 
140.000,380.000,142.436  ,0.801 
150.000,380.000, 84.070  ,0.838 
160.000,380.000, 17.787  ,0.873 
170.000,380.000,-54.542  ,0.907 
180.000,380.000,-130.720 , 0.938 
190.000,380.000,-208.503 , 0.966 
200.000,380.000,-285.835 , 0.990 
210.000,380.000,-360.995 , 1.010 
220.000,380.000,-432.642 , 1.026 
230.000,380.000,-499.782 , 1.038 
240.000,380.000,-561.679 , 1.045 
250.000,380.000,-617.746 , 1.047 
260.000,380.000,-667.442 , 1.045 
270.000,380.000,-710.184 , 1.038 
280.000,380.000,-745.292 , 1.026 
290.000,380.000,-771.973 , 1.010 
300.000,380.000,-789.357 , 0.990 
310.000,380.000,-796.598 , 0.966 
320.000,380.000,-793.017 , 0.938 
330.000,380.000,-778.295 , 0.907 
340.000,380.000,-752.656 , 0.873 
350.000,380.000,-716.978 , 0.838 
360.000,380.000,-672.802 , 0.801 
370.000,380.000,-622.189 , 0.763 
380.000,380.000,-567.478 , 0.726 
390.000,380.000,-511.001 , 0.688 
400.000,380.000,-454.846 , 0.651 
410.000,380.000,-400.693 , 0.615 
420.000,380.000,-349.756 , 0.581 
430.000,380.000,-302.802 , 0.547 
440.000,380.000,-260.219 , 0.516 
450.000,380.000,-222.099 , 0.486 
460.000,380.000,-188.326 , 0.458 
470.000,380.000,-158.652 , 0.431 
480.000,380.000,-132.749 , 0.406 
490.000,380.000,-110.254 , 0.382 
500.000,380.000,-90.802  ,0.360 
  0.000,390.000,221.345  ,0.348 
 10.000,390.000,231.538  ,0.368 
 20.000,390.000,241.332  ,0.390 
 30.000,390.000,250.390  ,0.413 
 40.000,390.000,258.280  ,0.438 
 50.000,390.000,264.461  ,0.464 
 60.000,390.000,268.276  ,0.491 
 70.000,390.000,268.946  ,0.519 
 80.000,390.000,265.583  ,0.549 
 90.000,390.000,257.225  ,0.580 
100.000,390.000,242.893  ,0.612 
110.000,390.000,221.683  ,0.644 
120.000,390.000,192.881  ,0.677 
130.000,390.000,156.086  ,0.710 
140.000,390.000,111.331  ,0.743 
150.000,390.000, 59.139  ,0.775 
160.000,390.000,  0.523  ,0.806 
170.000,390.000,-63.108  ,0.834 
180.000,390.000,-130.092 , 0.861 
190.000,390.000,-198.695 , 0.885 
200.000,390.000,-267.264 , 0.906 
210.000,390.000,-334.337 , 0.923 
220.000,390.000,-398.691 , 0.937 
230.000,390.000,-459.339 , 0.947 
240.000,390.000,-515.482 , 0.953 
250.000,390.000,-566.451 , 0.955 
260.000,390.000,-611.638 , 0.953 
270.000,390.000,-650.440 , 0.947 
280.000,390.000,-682.232 , 0.937 
290.000,390.000,-706.355 , 0.923 
300.000,390.000,-722.157 , 0.906 
310.000,390.000,-729.058 , 0.885 
320.000,390.000,-726.655 , 0.861 
330.000,390.000,-714.839 , 0.834 
340.000,390.000,-693.903 , 0.806 
350.000,390.000,-664.599 , 0.775 
360.000,390.000,-628.131 , 0.743 
370.000,390.000,-586.062 , 0.710 
380.000,390.000,-540.161 , 0.677 
390.000,390.000,-492.221 , 0.644 
400.000,390.000,-443.894 , 0.612 
410.000,390.000,-396.577 , 0.580 
420.000,390.000,-351.348 , 0.549 
430.000,390.000,-308.963 , 0.519 
440.000,390.000,-269.882 , 0.491 
450.000,390.000,-234.319 , 0.464 
460.000,390.000,-202.305 , 0.438 
470.000,390.000,-173.735 , 0.413 
480.000,390.000,-148.417 , 0.390 
490.000,390.000,-126.108 , 0.368 
500.000,390.000,-106.539 , 0.348 
  0.000,400.000,209.396  ,0.335 
 10.000,400.000,217.711  ,0.354 
 20.000,400.000,225.418  ,0.374 
 30.000,400.000,232.192  ,0.396 
 40.000,400.000,237.628  ,0.418 
 50.000,400.000,241.240  ,0.442 
 60.000,400.000,242.452  ,0.467 
 70.000,400.000,240.609  ,0.493 
 80.000,400.000,234.993  ,0.519 
 90.000,400.000,224.852  ,0.547 
100.000,400.000,209.451  ,0.575 
110.000,400.000,188.145  ,0.604 
120.000,400.000,160.455  ,0.633 
130.000,400.000,126.154  ,0.662 
140.000,400.000, 85.340  ,0.690 
150.000,400.000, 38.463  ,0.718 
160.000,400.000,-13.672  ,0.745 
170.000,400.000,-69.976  ,0.769 
180.000,400.000,-129.161 , 0.792 
190.000,400.000,-189.860 , 0.813 
200.000,400.000,-250.732 , 0.831 
210.000,400.000,-310.538 , 0.846 
220.000,400.000,-368.190 , 0.858 
230.000,400.000,-422.757 , 0.867 
240.000,400.000,-473.444 , 0.872 
250.000,400.000,-519.565 , 0.874 
260.000,400.000,-560.499 , 0.872 
270.000,400.000,-595.661 , 0.867 
280.000,400.000,-624.484 , 0.858 
290.000,400.000,-646.421 , 0.846 
300.000,400.000,-660.974 , 0.831 
310.000,400.000,-667.741 , 0.813 
320.000,400.000,-666.487 , 0.792 
330.000,400.000,-657.216 , 0.769 
340.000,400.000,-640.234 , 0.745 
350.000,400.000,-616.177 , 0.718 
360.000,400.000,-586.002 , 0.690 
370.000,400.000,-550.917 , 0.662 
380.000,400.000,-512.286 , 0.633 
390.000,400.000,-471.506 , 0.604 
400.000,400.000,-429.899 , 0.575 
410.000,400.000,-388.619 , 0.547 
420.000,400.000,-348.606 , 0.519 
430.000,400.000,-310.563 , 0.493 
440.000,400.000,-274.971 , 0.467 
450.000,400.000,-242.110 , 0.442 
460.000,400.000,-212.104 , 0.418 
470.000,400.000,-184.951 , 0.396 
480.000,400.000,-160.561 , 0.374 
490.000,400.000,-138.786 , 0.354 
500.000,400.000,-119.440 , 0.335 
  0.000,410.000,197.209  ,0.323 
 10.000,410.000,203.817  ,0.340 
 20.000,410.000,209.667  ,0.359 
 30.000,410.000,214.452  ,0.379 
 40.000,410.000,217.803  ,0.399 
 50.000,410.000,219.289  ,0.421 
 60.000,410.000,218.419  ,0.444 
 70.000,410.000,214.647  ,0.467 
 80.000,410.000,207.395  ,0.491 
 90.000,410.000,196.080  ,0.516 
100.000,410.000,180.153  ,0.541 
110.000,410.000,159.154  ,0.566 
120.000,410.000,132.766  ,0.592 
130.000,410.000,100.872  ,0.617 
140.000,410.000, 63.602  ,0.642 
150.000,410.000, 21.347  ,0.666 
160.000,410.000,-25.244  ,0.690 
170.000,410.000,-75.305  ,0.711 
180.000,410.000,-127.818 , 0.731 
190.000,410.000,-181.687 , 0.749 
200.000,410.000,-235.811 , 0.764 
210.000,410.000,-289.144 , 0.778 
220.000,410.000,-340.728 , 0.788 
230.000,410.000,-389.711 , 0.795 
240.000,410.000,-435.343 , 0.800 
250.000,410.000,-476.958 , 0.801 
260.000,410.000,-513.958 , 0.800 
270.000,410.000,-545.793 , 0.795 
280.000,410.000,-571.958 , 0.788 
290.000,410.000,-591.995 , 0.778 
300.000,410.000,-605.515 , 0.764 
310.000,410.000,-612.234 , 0.749 
320.000,410.000,-612.018 , 0.731 
330.000,410.000,-604.928 , 0.711 
340.000,410.000,-591.254 , 0.690 
350.000,410.000,-571.532 , 0.666 
360.000,410.000,-546.527 , 0.642 
370.000,410.000,-517.191 , 0.617 
380.000,410.000,-484.594 , 0.592 
390.000,410.000,-449.838 , 0.566 
400.000,410.000,-413.989 , 0.541 
410.000,410.000,-378.002 , 0.516 
420.000,410.000,-342.684 , 0.491 
430.000,410.000,-308.675 , 0.467 
440.000,410.000,-276.441 , 0.444 
450.000,410.000,-246.295 , 0.421 
460.000,410.000,-218.414 , 0.399 
470.000,410.000,-192.864 , 0.379 
480.000,410.000,-169.633 , 0.359 
490.000,410.000,-148.644 , 0.340 
500.000,410.000,-129.781 , 0.323 
  0.000,420.000,185.009  ,0.310 
 10.000,420.000,190.091  ,0.327 
 20.000,420.000,194.312  ,0.344 
 30.000,420.000,197.388  ,0.362 
 40.000,420.000,198.992  ,0.381 
 50.000,420.000,198.746  ,0.401 
 60.000,420.000,196.235  ,0.421 
 70.000,420.000,191.010  ,0.442 
 80.000,420.000,182.610  ,0.464 
 90.000,420.000,170.583  ,0.486 
100.000,420.000,154.519  ,0.509 
110.000,420.000,134.094  ,0.531 
120.000,420.000,109.101  ,0.554 
130.000,420.000, 79.495  ,0.577 
140.000,420.000, 45.419  ,0.598 
150.000,420.000,  7.215  ,0.620 
160.000,420.000,-34.583  ,0.640 
170.000,420.000,-79.275  ,0.659 
180.000,420.000,-126.038 , 0.676 
190.000,420.000,-173.983 , 0.691 
200.000,420.000,-222.196 , 0.705 
210.000,420.000,-269.791 , 0.716 
220.000,420.000,-315.933 , 0.725 
230.000,420.000,-359.857 , 0.732 
240.000,420.000,-400.875 , 0.736 
250.000,420.000,-438.367 , 0.737 
260.000,420.000,-471.773 , 0.736 
270.000,420.000,-500.591 , 0.732 
280.000,420.000,-524.374 , 0.725 
290.000,420.000,-542.735 , 0.716 
300.000,420.000,-555.364 , 0.705 
310.000,420.000,-562.055 , 0.691 
320.000,420.000,-562.733 , 0.676 
330.000,420.000,-557.482 , 0.659 
340.000,420.000,-546.566 , 0.640 
350.000,420.000,-530.431 , 0.620 
360.000,420.000,-509.697 , 0.598 
370.000,420.000,-485.124 , 0.577 
380.000,420.000,-457.559 , 0.554 
390.000,420.000,-427.887 , 0.531 
400.000,420.000,-396.970 , 0.509 
410.000,420.000,-365.602 , 0.486 
420.000,420.000,-334.475 , 0.464 
430.000,420.000,-304.156 , 0.442 
440.000,420.000,-275.085 , 0.421 
450.000,420.000,-247.579 , 0.401 
460.000,420.000,-221.843 , 0.381 
470.000,420.000,-197.992 , 0.362 
480.000,420.000,-176.061 , 0.344 
490.000,420.000,-156.032 , 0.327 
500.000,420.000,-137.841 , 0.310 
  0.000,430.000,172.974  ,0.298 
 10.000,430.000,176.709  ,0.313 
 20.000,430.000,179.518  ,0.329 
 30.000,430.000,181.147  ,0.346 
 40.000,430.000,181.304  ,0.363 
 50.000,430.000,179.667  ,0.381 
 60.000,430.000,175.886  ,0.400 
 70.000,430.000,169.595  ,0.419 
 80.000,430.000,160.426  ,0.439 
 90.000,430.000,148.032  ,0.459 
100.000,430.000,132.110  ,0.479 
110.000,430.000,112.429  ,0.499 
120.000,430.000, 88.862  ,0.519 
130.000,430.000, 61.410  ,0.539 
140.000,430.000, 30.220  ,0.558 
150.000,430.000, -4.410  ,0.577 
160.000,430.000,-42.031  ,0.594 
170.000,430.000,-82.067  ,0.611 
180.000,430.000,-123.847 , 0.626 
190.000,430.000,-166.633 , 0.640 
200.000,430.000,-209.665 , 0.651 
210.000,430.000,-252.188 , 0.661 
220.000,430.000,-293.479 , 0.669 
230.000,430.000,-332.861 , 0.675 
240.000,430.000,-369.712 , 0.678 
250.000,430.000,-403.468 , 0.679 
260.000,430.000,-433.621 , 0.678 
270.000,430.000,-459.717 , 0.675 
280.000,430.000,-481.363 , 0.669 
290.000,430.000,-498.228 , 0.661 
300.000,430.000,-510.063 , 0.651 
310.000,430.000,-516.711 , 0.640 
320.000,430.000,-518.131 , 0.626 
330.000,430.000,-514.413 , 0.611 
340.000,430.000,-505.786 , 0.594 
350.000,430.000,-492.626 , 0.577 
360.000,430.000,-475.435 , 0.558 
370.000,430.000,-454.825 , 0.539 
380.000,430.000,-431.477 , 0.519 
390.000,430.000,-406.107 , 0.499 
400.000,430.000,-379.419 , 0.479 
410.000,430.000,-352.075 , 0.459 
420.000,430.000,-324.664 , 0.439 
430.000,430.000,-297.687 , 0.419 
440.000,430.000,-271.548 , 0.400 
450.000,430.000,-246.554 , 0.381 
460.000,430.000,-222.923 , 0.363 
470.000,430.000,-200.793 , 0.346 
480.000,430.000,-180.239 , 0.329 
490.000,430.000,-161.278 , 0.313 
500.000,430.000,-143.891 , 0.298 
  0.000,440.000,161.240  ,0.286 
 10.000,440.000,163.799  ,0.300 
 20.000,440.000,165.400  ,0.315 
 30.000,440.000,165.815  ,0.330 
 40.000,440.000,164.791  ,0.346 
 50.000,440.000,162.052  ,0.363 
 60.000,440.000,157.308  ,0.380 
 70.000,440.000,150.260  ,0.397 
 80.000,440.000,140.619  ,0.415 
 90.000,440.000,128.116  ,0.433 
100.000,440.000,112.528  ,0.451 
110.000,440.000, 93.697  ,0.469 
120.000,440.000, 71.548  ,0.487 
130.000,440.000, 46.112  ,0.504 
140.000,440.000, 17.532  ,0.521 
150.000,440.000,-13.926  ,0.538 
160.000,440.000,-47.882  ,0.553 
170.000,440.000,-83.857  ,0.568 
180.000,440.000,-121.291 , 0.581 
190.000,440.000,-159.572 , 0.593 
200.000,440.000,-198.057 , 0.603 
210.000,440.000,-236.104 , 0.612 
220.000,440.000,-273.088 , 0.619 
230.000,440.000,-308.413 , 0.624 
240.000,440.000,-341.527 , 0.627 
250.000,440.000,-371.924 , 0.628 
260.000,440.000,-399.148 , 0.627 
270.000,440.000,-422.796 , 0.624 
280.000,440.000,-442.521 , 0.619 
290.000,440.000,-458.042 , 0.612 
300.000,440.000,-469.150 , 0.603 
310.000,440.000,-475.725 , 0.593 
320.000,440.000,-477.742 , 0.581 
330.000,440.000,-475.287 , 0.568 
340.000,440.000,-468.558 , 0.553 
350.000,440.000,-457.866 , 0.538 
360.000,440.000,-443.623 , 0.521 
370.000,440.000,-426.324 , 0.504 
380.000,440.000,-406.524 , 0.487 
390.000,440.000,-384.805 , 0.469 
400.000,440.000,-361.747 , 0.451 
410.000,440.000,-337.904 , 0.433 
420.000,440.000,-313.778 , 0.415 
430.000,440.000,-289.807 , 0.397 
440.000,440.000,-266.357 , 0.380 
450.000,440.000,-243.717 , 0.363 
460.000,440.000,-222.106 , 0.346 
470.000,440.000,-201.675 , 0.330 
480.000,440.000,-182.520 , 0.315 
490.000,440.000,-164.689 , 0.300 
500.000,440.000,-148.191 , 0.286 
  0.000,450.000,149.909  ,0.275 
 10.000,450.000,151.452  ,0.288 
 20.000,450.000,152.029  ,0.301 
 30.000,450.000,151.438  ,0.315 
 40.000,450.000,149.462  ,0.330 
 50.000,450.000,145.866  ,0.345 
 60.000,450.000,140.411  ,0.361 
 70.000,450.000,132.854  ,0.376 
 80.000,450.000,122.966  ,0.392 
 90.000,450.000,110.545  ,0.408 
100.000,450.000, 95.425  ,0.425 
110.000,450.000, 77.501  ,0.441 
120.000,450.000, 56.735  ,0.457 
130.000,450.000, 33.176  ,0.472 
140.000,450.000,  6.964  ,0.487 
150.000,450.000,-21.667  ,0.502 
160.000,450.000,-52.391  ,0.516 
170.000,450.000,-84.803  ,0.528 
180.000,450.000,-118.432 , 0.540 
190.000,450.000,-152.763 , 0.551 
200.000,450.000,-187.253 , 0.560 
210.000,450.000,-221.352 , 0.567 
220.000,450.000,-254.519 , 0.573 
230.000,450.000,-286.234 , 0.577 
240.000,450.000,-316.012 , 0.580 
250.000,450.000,-343.402 , 0.581 
260.000,450.000,-368.001 , 0.580 
270.000,450.000,-389.450 , 0.577 
280.000,450.000,-407.448 , 0.573 
290.000,450.000,-421.752 , 0.567 
300.000,450.000,-432.186 , 0.560 
310.000,450.000,-438.652 , 0.551 
320.000,450.000,-441.135 , 0.540 
330.000,450.000,-439.712 , 0.528 
340.000,450.000,-434.551 , 0.516 
350.000,450.000,-425.908 , 0.502 
360.000,450.000,-414.123 , 0.487 
370.000,450.000,-399.602 , 0.472 
380.000,450.000,-382.796 , 0.457 
390.000,450.000,-364.183 , 0.441 
400.000,450.000,-344.246 , 0.425 
410.000,450.000,-323.447 , 0.408 
420.000,450.000,-302.217 , 0.392 
430.000,450.000,-280.937 , 0.376 
440.000,450.000,-259.934 , 0.361 
450.000,450.000,-239.476 , 0.345 
460.000,450.000,-219.775 , 0.330 
470.000,450.000,-200.987 , 0.315 
480.000,450.000,-183.219 , 0.301 
490.000,450.000,-166.540 , 0.288 
500.000,450.000,-150.978 , 0.275 
  0.000,460.000,139.050  ,0.263 
 10.000,460.000,139.724  ,0.275 
 20.000,460.000,139.443  ,0.288 
 30.000,460.000,138.030  ,0.301 
 40.000,460.000,135.297  ,0.314 
 50.000,460.000,131.049  ,0.328 
 60.000,460.000,125.086  ,0.342 
 70.000,460.000,117.215  ,0.357 
 80.000,460.000,107.256  ,0.371 
 90.000,460.000, 95.054  ,0.386 
100.000,460.000, 80.491  ,0.400 
110.000,460.000, 63.497  ,0.415 
120.000,460.000, 44.064  ,0.429 
130.000,460.000, 22.249  ,0.443 
140.000,460.000, -1.814  ,0.456 
150.000,460.000,-27.916  ,0.469 
160.000,460.000,-55.775  ,0.481 
170.000,460.000,-85.047  ,0.492 
180.000,460.000,-115.332 , 0.503 
190.000,460.000,-146.192 , 0.512 
200.000,460.000,-177.164 , 0.520 
210.000,460.000,-207.779 , 0.527 
220.000,460.000,-237.567 , 0.532 
230.000,460.000,-266.078 , 0.536 
240.000,460.000,-292.884 , 0.538 
250.000,460.000,-317.590 , 0.539 
260.000,460.000,-339.840 , 0.538 
270.000,460.000,-359.318 , 0.536 
280.000,460.000,-375.761 , 0.532 
290.000,460.000,-388.958 , 0.527 
300.000,460.000,-398.760 , 0.520 
310.000,460.000,-405.084 , 0.512 
320.000,460.000,-407.920 , 0.503 
330.000,460.000,-407.332 , 0.492 
340.000,460.000,-403.461 , 0.481 
350.000,460.000,-396.522 , 0.469 
360.000,460.000,-386.792 , 0.456 
370.000,460.000,-374.605 , 0.443 
380.000,460.000,-360.332 , 0.429 
390.000,460.000,-344.370 , 0.415 
400.000,460.000,-327.119 , 0.400 
410.000,460.000,-308.969 , 0.386 
420.000,460.000,-290.288 , 0.371 
430.000,460.000,-271.408 , 0.357 
440.000,460.000,-252.619 , 0.342 
450.000,460.000,-234.168 , 0.328 
460.000,460.000,-216.253 , 0.314 
470.000,460.000,-199.030 , 0.301 
480.000,460.000,-182.612 , 0.288 
490.000,460.000,-167.077 , 0.275 
500.000,460.000,-152.473 , 0.263 
  0.000,470.000,128.711  ,0.252 
 10.000,470.000,128.650  ,0.264 
 20.000,470.000,127.657  ,0.275 
 30.000,470.000,125.579  ,0.287 
 40.000,470.000,122.256  ,0.300 
 50.000,470.000,117.525  ,0.312 
 60.000,470.000,111.221  ,0.325 
 70.000,470.000,103.190  ,0.338 
 80.000,470.000, 93.291  ,0.351 
 90.000,470.000, 81.407  ,0.364 
100.000,470.000, 67.455  ,0.377 
110.000,470.000, 51.394  ,0.390 
120.000,470.000, 33.231  ,0.403 
130.000,470.000, 13.033  ,0.415 
140.000,470.000, -9.076  ,0.427 
150.000,470.000,-32.909  ,0.439 
160.000,470.000,-58.221  ,0.450 
170.000,470.000,-84.715  ,0.460 
180.000,470.000,-112.049 , 0.469 
190.000,470.000,-139.849 , 0.477 
200.000,470.000,-167.720 , 0.484 
210.000,470.000,-195.257 , 0.490 
220.000,470.000,-222.056 , 0.494 
230.000,470.000,-247.724 , 0.498 
240.000,470.000,-271.888 , 0.500 
250.000,470.000,-294.202 , 0.501 
260.000,470.000,-314.352 , 0.500 
270.000,470.000,-332.064 , 0.498 
280.000,470.000,-347.105 , 0.494 
290.000,470.000,-359.294 , 0.490 
300.000,470.000,-368.500 , 0.484 
310.000,470.000,-374.653 , 0.477 
320.000,470.000,-377.744 , 0.469 
330.000,470.000,-377.825 , 0.460 
340.000,470.000,-375.016 , 0.450 
350.000,470.000,-369.491 , 0.439 
360.000,470.000,-361.480 , 0.427 
370.000,470.000,-351.260 , 0.415 
380.000,470.000,-339.137 , 0.403 
390.000,470.000,-325.440 , 0.390 
400.000,470.000,-310.504 , 0.377 
410.000,470.000,-294.660 , 0.364 
420.000,470.000,-278.221 , 0.351 
430.000,470.000,-261.477 , 0.338 
440.000,470.000,-244.685 , 0.325 
450.000,470.000,-228.067 , 0.312 
460.000,470.000,-211.809 , 0.300 
470.000,470.000,-196.060 , 0.287 
480.000,470.000,-180.936 , 0.275 
490.000,470.000,-166.520 , 0.264 
500.000,470.000,-152.870 , 0.252 
  0.000,480.000,118.920  ,0.242 
 10.000,480.000,118.242  ,0.252 
 20.000,480.000,116.665  ,0.263 
 30.000,480.000,114.059  ,0.274 
 40.000,480.000,110.286  ,0.285 
 50.000,480.000,105.211  ,0.297 
 60.000,480.000, 98.699  ,0.308 
 70.000,480.000, 90.628  ,0.320 
 80.000,480.000, 80.887  ,0.332 
 90.000,480.000, 69.390  ,0.344 
100.000,480.000, 56.080  ,0.356 
110.000,480.000, 40.936  ,0.368 
120.000,480.000, 23.978  ,0.379 
130.000,480.000,  5.275  ,0.390 
140.000,480.000,-15.056  ,0.401 
150.000,480.000,-36.848  ,0.411 
160.000,480.000,-59.886  ,0.421 
170.000,480.000,-83.914  ,0.430 
180.000,480.000,-108.637 , 0.438 
190.000,480.000,-133.734 , 0.445 
200.000,480.000,-158.865 , 0.451 
210.000,480.000,-183.681 , 0.456 
220.000,480.000,-207.833 , 0.460 
230.000,480.000,-230.979 , 0.463 
240.000,480.000,-252.795 , 0.465 
250.000,480.000,-272.978 , 0.466 
260.000,480.000,-291.253 , 0.465 
270.000,480.000,-307.381 , 0.463 
280.000,480.000,-321.158 , 0.460 
290.000,480.000,-332.424 , 0.456 
300.000,480.000,-341.069 , 0.451 
310.000,480.000,-347.028 , 0.445 
320.000,480.000,-350.292 , 0.438 
330.000,480.000,-350.906 , 0.430 
340.000,480.000,-348.964 , 0.421 
350.000,480.000,-344.614 , 0.411 
360.000,480.000,-338.045 , 0.401 
370.000,480.000,-329.485 , 0.390 
380.000,480.000,-319.189 , 0.379 
390.000,480.000,-307.432 , 0.368 
400.000,480.000,-294.495 , 0.356 
410.000,480.000,-280.658 , 0.344 
420.000,480.000,-266.191 , 0.332 
430.000,480.000,-251.345 , 0.320 
440.000,480.000,-236.347 , 0.308 
450.000,480.000,-221.396 , 0.297 
460.000,480.000,-206.665 , 0.285 
470.000,480.000,-192.294 , 0.274 
480.000,480.000,-178.397 , 0.263 
490.000,480.000,-165.060 , 0.252 
500.000,480.000,-152.345 , 0.242 
  0.000,490.000,109.690  ,0.232 
 10.000,490.000,108.500  ,0.241 
 20.000,490.000,106.452  ,0.251 
 30.000,490.000,103.432  ,0.261 
 40.000,490.000, 99.326  ,0.272 
 50.000,490.000, 94.021  ,0.282 
 60.000,490.000, 87.408  ,0.293 
 70.000,490.000, 79.388  ,0.304 
 80.000,490.000, 69.878  ,0.314 
 90.000,490.000, 58.814  ,0.325 
100.000,490.000, 46.159  ,0.336 
110.000,490.000, 31.906  ,0.346 
120.000,490.000, 16.085  ,0.357 
130.000,490.000, -1.236  ,0.367 
140.000,490.000,-19.948  ,0.376 
150.000,490.000,-39.901  ,0.385 
160.000,490.000,-60.905  ,0.394 
170.000,490.000,-82.737  ,0.402 
180.000,490.000,-105.143 , 0.409 
190.000,490.000,-127.846 , 0.415 
200.000,490.000,-150.551 , 0.421 
210.000,490.000,-172.958 , 0.426 
220.000,490.000,-194.764 , 0.429 
230.000,490.000,-215.673 , 0.432 
240.000,490.000,-235.402 , 0.434 
250.000,490.000,-253.686 , 0.434 
260.000,490.000,-270.287 , 0.434 
270.000,490.000,-284.993 , 0.432 
280.000,490.000,-297.628 , 0.429 
290.000,490.000,-308.051 , 0.426 
300.000,490.000,-316.165 , 0.421 
310.000,490.000,-321.913 , 0.415 
320.000,490.000,-325.285 , 0.409 
330.000,490.000,-326.315 , 0.402 
340.000,490.000,-325.082 , 0.394 
350.000,490.000,-321.707 , 0.385 
360.000,490.000,-316.346 , 0.376 
370.000,490.000,-309.190 , 0.367 
380.000,490.000,-300.450 , 0.357 
390.000,490.000,-290.356 , 0.346 
400.000,490.000,-279.147 , 0.336 
410.000,490.000,-267.060 , 0.325 
420.000,490.000,-254.327 , 0.314 
430.000,490.000,-241.165 , 0.304 
440.000,490.000,-227.775 , 0.293 
450.000,490.000,-214.337 , 0.282 
460.000,490.000,-201.005 , 0.272 
470.000,490.000,-187.914 , 0.261 
480.000,490.000,-175.171 , 0.251 
490.000,490.000,-162.862 , 0.241 
500.000,490.000,-151.053 , 0.232 
  0.000,500.000,101.022  ,0.222 
 10.000,500.000, 99.412  ,0.231 
 20.000,500.000, 96.988  ,0.240 
 30.000,500.000, 93.653  ,0.249 
 40.000,500.000, 89.312  ,0.259 
 50.000,500.000, 83.870  ,0.268 
 60.000,500.000, 77.239  ,0.278 
 70.000,500.000, 69.341  ,0.288 
 80.000,500.000, 60.114  ,0.298 
 90.000,500.000, 49.511  ,0.308 
100.000,500.000, 37.510  ,0.317 
110.000,500.000, 24.115  ,0.327 
120.000,500.000,  9.361  ,0.336 
130.000,500.000, -6.684  ,0.345 
140.000,500.000,-23.920  ,0.354 
150.000,500.000,-42.211  ,0.362 
160.000,500.000,-61.391  ,0.369 
170.000,500.000,-81.264  ,0.376 
180.000,500.000,-101.609 , 0.383 
190.000,500.000,-122.185 , 0.389 
200.000,500.000,-142.740 , 0.394 
210.000,500.000,-163.010 , 0.398 
220.000,500.000,-182.735 , 0.401 
230.000,500.000,-201.656 , 0.403 
240.000,500.000,-219.528 , 0.405 
250.000,500.000,-236.121 , 0.405 
260.000,500.000,-251.224 , 0.405 
270.000,500.000,-264.654 , 0.403 
280.000,500.000,-276.256 , 0.401 
290.000,500.000,-285.907 , 0.398 
300.000,500.000,-293.521 , 0.394 
310.000,500.000,-299.046 , 0.389 
320.000,500.000,-302.471 , 0.383 
330.000,500.000,-303.823 , 0.376 
340.000,500.000,-303.166 , 0.369 
350.000,500.000,-300.599 , 0.362 
360.000,500.000,-296.252 , 0.354 
370.000,500.000,-290.284 , 0.345 
380.000,500.000,-282.871 , 0.336 
390.000,500.000,-274.207 , 0.327 
400.000,500.000,-264.493 , 0.317 
410.000,500.000,-253.932 , 0.308 
420.000,500.000,-242.723 , 0.298 
430.000,500.000,-231.055 , 0.288 
440.000,500.000,-219.105 , 0.278 
450.000,500.000,-207.033 , 0.268 
460.000,500.000,-194.981 , 0.259 
470.000,500.000,-183.071 , 0.249 
480.000,500.000,-171.406 , 0.240 
490.000,500.000,-160.070 , 0.231 
500.000,500.000,-149.129 , 0.222 
